28223.519,-2.161137702,0.154600996,-13.97880844,2.10E-44,1.08E-42,ENSG00000003989,,,SLC7A2
20378.93765,-3.097593767,0.277401217,-11.16647504,5.95E-29,1.62E-27,ENSG00000004848,,,ARX
910.4910729,-2.39235061,0.493185455,-4.850813395,1.23E-06,6.46E-06,ENSG00000006047,,,YBX2
2517.543065,-3.632504147,0.810207894,-4.483422308,7.35E-06,3.46E-05,ENSG00000006116,,,CACNG3
10268.38365,-2.756740469,0.302476947,-9.113886183,7.95E-20,1.33E-18,ENSG00000006283,,,CACNA1G
85.37290111,-10.1163213,1.572175638,-6.434599963,1.24E-10,1.04E-09,ENSG00000007312,,,CD79B
381.3817766,-2.969892896,0.57283831,-5.184522131,2.17E-07,1.26E-06,ENSG00000007314,,,SCN4A
12413.66828,-3.310417131,0.320963904,-10.31398574,6.09E-25,1.36E-23,ENSG00000008118,,,CAMK1G
37866.83183,-2.417570584,0.247284392,-9.77647867,1.42E-22,2.79E-21,ENSG00000009694,,,TENM1
38547.62426,-2.702486023,0.212974685,-12.68923595,6.78E-37,2.62E-35,ENSG00000009709,,,PAX7
5992.312809,-2.709017097,0.292467218,-9.26263503,1.99E-20,3.46E-19,ENSG00000009950,,,MLXIPL
7681.350402,-2.909762902,0.222472735,-13.07918878,4.33E-39,1.83E-37,ENSG00000014257,,,ACPP
719.0767503,-3.293996607,0.433807701,-7.59321837,3.12E-14,3.52E-13,ENSG00000015413,,,DPEP1
12460.60882,-3.490024336,0.278068416,-12.55095559,3.93E-36,1.48E-34,ENSG00000017427,,,IGF1
70.11534456,-9.831520141,2.426010839,-4.052545843,5.07E-05,2.10E-04,ENSG00000021852,,,C8B
32474.87201,-3.852385707,0.172269955,-22.3624932,9.13E-111,2.71E-108,ENSG00000036448,,,MYOM2
2747.208398,-2.639875101,0.396885355,-6.651480256,2.90E-11,2.59E-10,ENSG00000037280,,,FLT4
2276.699789,-4.768123168,0.417471867,-11.42142391,3.27E-30,9.48E-29,ENSG00000039537,,,C6
997.9498872,-4.322685283,1.445934627,-2.989544064,0.002793941,0.008343822,ENSG00000042832,,,TG
323.148978,-2.218598939,0.527046733,-4.209491874,2.56E-05,1.11E-04,ENSG00000042980,,,ADAM28
33.72930432,-8.776170833,2.848091386,-3.081421782,0.002060146,0.006340421,ENSG00000046774,,,MAGEC2
13592.308,-2.742096028,0.202255543,-13.55758158,7.15E-42,3.31E-40,ENSG00000049247,,,UTS2
28298.05543,-2.850716973,0.401784186,-7.095144796,1.29E-12,1.29E-11,ENSG00000056998,,,GYG2
3692.685079,-3.097153322,0.231635259,-13.37081986,8.95E-41,4.04E-39,ENSG00000057294,,,PKP2
1066.640581,-2.734310963,0.332819778,-8.215590367,2.11E-16,2.84E-15,ENSG00000060709,,,RIMBP2
11987.35653,-2.840825647,0.507283879,-5.600070814,2.14E-08,1.40E-07,ENSG00000063180,,,CA11
80146.08614,-4.485995894,0.180094344,-24.90914368,5.92E-137,2.80E-134,ENSG00000064300,,,NGFR
1624.370651,-2.080789863,0.331069316,-6.285058023,3.28E-10,2.63E-09,ENSG00000064787,,,BCAS1
14767.81868,-4.6805855,0.861922017,-5.43040485,5.62E-08,3.51E-07,ENSG00000064835,,,POU1F1
49293.39289,-2.764154615,0.222970007,-12.39697951,2.71E-35,9.86E-34,ENSG00000065989,,,PDE4A
433.1080097,-2.336102624,0.673593157,-3.468121074,5.24E-04,0.001829042,ENSG00000066382,,,MPPED2
323.5534207,-3.495604176,1.037464476,-3.369372404,7.53E-04,0.002539385,ENSG00000070748,,,CHAT
1222.425459,-2.546804087,0.414625935,-6.142413855,8.13E-10,6.28E-09,ENSG00000072952,,,MRVI1
1539.125626,-2.186559535,0.357749753,-6.111980561,9.84E-10,7.53E-09,ENSG00000073282,,,TP63
63927.44573,-3.572146601,0.392785654,-9.094391713,9.51E-20,1.59E-18,ENSG00000076864,,,RAP1GAP
10887.45892,-2.69368486,0.249777628,-10.78433198,4.08E-27,1.02E-25,ENSG00000077522,,,ACTN2
1298.644655,-3.050974541,0.325760161,-9.365707977,7.55E-21,1.35E-19,ENSG00000078328,,,RBFOX1
575537.6995,-2.233301423,0.139666742,-15.99021633,1.50E-57,1.19E-55,ENSG00000078596,,,ITM2A
12232.8149,-3.411102201,0.150473763,-22.66908286,9.05E-114,2.86E-111,ENSG00000079101,,,CLUL1
13495.14824,-2.722258396,0.22996364,-11.83777747,2.49E-32,7.99E-31,ENSG00000079215,,,SLC1A3
2076.628304,-2.798624371,0.346626514,-8.073890086,6.81E-16,8.79E-15,ENSG00000080618,,,CPB2
3628.90426,-4.2386077,0.363318725,-11.66636183,1.89E-31,5.87E-30,ENSG00000082684,,,SEMA5B
4822.337436,-2.907728551,0.233827528,-12.43535599,1.68E-35,6.15E-34,ENSG00000085552,,,IGSF9
1697.825367,-2.155694405,0.302802554,-7.119142095,1.09E-12,1.09E-11,ENSG00000086548,,,CEACAM6
28002.96275,-3.420886184,0.203820548,-16.78381412,3.21E-63,3.02E-61,ENSG00000089250,,,NOS1
8726.905371,-3.856180056,0.32884444,-11.7264566,9.33E-32,2.93E-30,ENSG00000089847,,,ANKRD24
653.8065921,-5.453588246,0.820159144,-6.649426863,2.94E-11,2.63E-10,ENSG00000091583,,,APOH
1238.810777,-2.717094807,0.372820797,-7.287937873,3.15E-13,3.31E-12,ENSG00000092850,,,TEKT2
1591.047329,-3.298798352,0.501325125,-6.58015764,4.70E-11,4.13E-10,ENSG00000093072,,,ADA2
6634.508037,-4.199411184,0.370366624,-11.33852489,8.46E-30,2.40E-28,ENSG00000095917,,,TPSD1
192351.7502,-2.35459832,0.144684453,-16.27402444,1.51E-59,1.27E-57,ENSG00000099284,,,H2AFY2
5282.17125,-3.270281816,0.244069588,-13.39897297,6.13E-41,2.79E-39,ENSG00000100078,,,PLA2G3
8644.822145,-2.154009244,0.316804997,-6.79916435,1.05E-11,9.79E-11,ENSG00000100095,,,SEZ6L
6542.924748,-5.279778734,0.577992189,-9.134688725,6.56E-20,1.11E-18,ENSG00000100346,,,CACNA1I
7017.976413,-4.481886301,0.326819151,-13.71365873,8.41E-43,4.02E-41,ENSG00000100593,,,ISM2
6040.539892,-2.791253747,0.250926545,-11.12378823,9.61E-29,2.58E-27,ENSG00000100604,,,CHGA
918.4472914,-2.017721427,0.480307136,-4.200898286,2.66E-05,1.15E-04,ENSG00000101204,,,CHRNA4
41.20429521,-9.06480242,1.954274547,-4.638448796,3.51E-06,1.73E-05,ENSG00000101331,,,CCM2L
55.60527253,-9.496762491,1.852244023,-5.127165952,2.94E-07,1.68E-06,ENSG00000101438,,,SLC32A1
11014.66366,-2.739188387,0.242464503,-11.29727591,1.35E-29,3.79E-28,ENSG00000101746,,,NOL4
415.1000554,-2.86594319,0.431760165,-6.637812886,3.18E-11,2.83E-10,ENSG00000101938,,,CHRDL1
2248.284096,-2.588417846,0.368528175,-7.023663372,2.16E-12,2.12E-11,ENSG00000101977,,,MCF2
66310.61674,-3.376605102,0.21611645,-15.62400778,5.00E-55,3.63E-53,ENSG00000102445,,,RUBCNL
6646.453421,-2.593051954,0.592708227,-4.374921478,1.21E-05,5.55E-05,ENSG00000102524,,,TNFSF13B
27.63762746,-8.488889985,2.210923425,-3.839522387,1.23E-04,4.79E-04,ENSG00000103375,,,AQP8
1307.18522,-4.551003412,1.409659087,-3.228442575,0.001244662,0.004016039,ENSG00000103534,,,TMC5
7160.614335,-2.338519045,0.352181393,-6.64009824,3.13E-11,2.79E-10,ENSG00000103723,,,AP3B2
992.2243244,-2.120137761,0.338462613,-6.264023488,3.75E-10,3.00E-09,ENSG00000104140,,,RHOV
239359.6092,-3.130433734,0.165306181,-18.93718499,5.63E-80,8.25E-78,ENSG00000104870,,,FCGRT
3528.894919,-2.446889187,0.356605616,-6.861611485,6.81E-12,6.42E-11,ENSG00000104888,,,SLC17A7
11236.80621,-3.940232315,0.339096621,-11.61979231,3.27E-31,1.00E-29,ENSG00000105048,,,TNNT1
1538.829664,-2.930869422,0.313855787,-9.3382679,9.79E-21,1.73E-19,ENSG00000105122,,,RASAL3
11524.63549,-5.358932332,0.220987019,-24.24998699,6.61E-130,2.76E-127,ENSG00000105369,,,CD79A
451.702892,-2.144936143,0.60746825,-3.530943623,4.14E-04,0.001471599,ENSG00000105371,,,ICAM4
8344.170244,-2.898197845,0.210023851,-13.79937487,2.57E-43,1.25E-41,ENSG00000105409,,,ATP1A3
59895.97361,-3.795227904,0.263334058,-14.41221823,4.34E-47,2.45E-45,ENSG00000105642,,,KCNN1
25916.53771,-2.395002005,0.245316511,-9.762905873,1.62E-22,3.18E-21,ENSG00000105880,,,DLX5
1034.431855,-3.461638239,0.470694126,-7.354326412,1.92E-13,2.05E-12,ENSG00000107159,,,CA9
50.02908359,-9.344336234,1.882556788,-4.963641094,6.92E-07,3.76E-06,ENSG00000107187,,,LHX3
37103.83593,-2.19722074,0.160217266,-13.71400723,8.37E-43,4.01E-41,ENSG00000107736,,,CDH23
648.5641311,-2.059168267,0.483044883,-4.262892205,2.02E-05,8.91E-05,ENSG00000107954,,,NEURL1
59553.43549,-2.792444097,0.188929145,-14.78037758,1.96E-49,1.21E-47,ENSG00000108176,,,DNAJC12
503.0823399,-2.165271238,0.496707115,-4.359251501,1.31E-05,5.94E-05,ENSG00000108375,,,RNF43
555.2777742,-3.169582402,1.01741455,-3.115330327,0.00183739,0.005722233,ENSG00000108813,,,DLX4
6329.625157,-2.566898792,0.313570186,-8.186042255,2.70E-16,3.59E-15,ENSG00000108830,,,RND2
5221.172645,-2.569627034,0.204804125,-12.54675429,4.14E-36,1.56E-34,ENSG00000108924,,,HLF
2532.156415,-3.377749528,0.90055619,-3.750737119,1.76E-04,6.66E-04,ENSG00000108984,,,MAP2K6
169.5765301,-11.10633442,1.348387659,-8.236751758,1.77E-16,2.39E-15,ENSG00000109158,,,GABRA4
4827.41904,-2.635657557,0.613604683,-4.29536741,1.74E-05,7.78E-05,ENSG00000109193,,,SULT1E1
4433.370046,-4.260746642,0.824694312,-5.166455714,2.39E-07,1.38E-06,ENSG00000111087,,,GLI1
9358.702365,-2.586394581,0.297159965,-8.703711409,3.21E-18,4.85E-17,ENSG00000111249,,,CUX2
2303.016586,-2.922793004,0.363525273,-8.040137015,8.97E-16,1.15E-14,ENSG00000111305,,,GSG1
40.69667339,-9.04709711,2.710831792,-3.337387859,8.46E-04,0.002822766,ENSG00000111344,,,RASAL1
1587.024056,-2.58461565,0.333122986,-7.758743052,8.58E-15,1.02E-13,ENSG00000111644,,,ACRBP
531.5014733,-3.405144537,1.10325439,-3.086454556,0.002025589,0.006243402,ENSG00000111728,,,ST8SIA1
15030.12026,-5.81619991,0.505133493,-11.51418386,1.12E-30,3.32E-29,ENSG00000112936,,,C7
5740.598526,-2.2330315,0.200403055,-11.14270188,7.77E-29,2.11E-27,ENSG00000113763,,,UNC5A
10280.45367,-2.406554427,0.239574485,-10.04511988,9.65E-24,2.02E-22,ENSG00000114115,,,RBP1
1913.656205,-5.603878062,1.44468437,-3.878963583,1.05E-04,4.13E-04,ENSG00000114487,,,MORC1
24666.57402,-2.935134899,0.198972537,-14.7514574,3.01E-49,1.84E-47,ENSG00000114646,,,CSPG5
2547.588895,-2.827734845,0.388692364,-7.274994589,3.46E-13,3.63E-12,ENSG00000114805,,,PLCH1
7172.089347,-3.396361982,0.664427197,-5.11171427,3.19E-07,1.81E-06,ENSG00000115252,,,PDE1A
2336.621739,-2.06227733,0.459574444,-4.487362943,7.21E-06,3.40E-05,ENSG00000116194,,,ANGPTL1
355.5076395,-4.252673739,1.091634378,-3.895694222,9.79E-05,3.88E-04,ENSG00000116748,,,AMPD1
31996.98558,-3.887713003,0.20372676,-19.08297662,3.50E-81,5.31E-79,ENSG00000117115,,,PADI2
1156.035766,-2.559505376,0.392149221,-6.526865891,6.72E-11,5.81E-10,ENSG00000117154,,,IGSF21
10082.89607,-2.730128679,0.166886417,-16.35920239,3.74E-60,3.22E-58,ENSG00000117407,,,ARTN
367.3856264,-2.662052644,0.659715518,-4.035152381,5.46E-05,2.25E-04,ENSG00000118113,,,MMP8
32.93459491,-8.741247154,2.893067908,-3.021445549,0.002515709,0.007582351,ENSG00000118156,,,ZNF541
30342.73633,-2.401881531,0.140233123,-17.12777615,9.21E-66,9.42E-64,ENSG00000118507,,,AKAP7
324.0265674,-2.602354074,0.598462828,-4.348397182,1.37E-05,6.22E-05,ENSG00000118729,,,CASQ2
46354.69684,-2.134362518,0.1995512,-10.695814,1.06E-26,2.62E-25,ENSG00000118946,,,PCDH17
2305.976133,-4.487836953,0.471687131,-9.514435855,1.83E-21,3.37E-20,ENSG00000119715,,,ESRRB
55.05184831,-9.483052268,1.745348614,-5.433328443,5.53E-08,3.46E-07,ENSG00000120952,,,PRAMEF2
389.3040529,-2.320476725,0.579148561,-4.006703776,6.16E-05,2.51E-04,ENSG00000121552,,,CSTA
7439.377782,-5.407549816,0.323229037,-16.72977731,7.95E-63,7.42E-61,ENSG00000121966,,,CXCR4
2867.943189,-2.067098769,0.259303968,-7.971720544,1.56E-15,1.96E-14,ENSG00000122012,,,SV2C
337.4784691,-2.24678666,0.74452248,-3.017755302,0.002546544,0.00766687,ENSG00000122254,,,HS3ST2
14702.41132,-2.17621041,0.178638612,-12.18219499,3.87E-34,1.35E-32,ENSG00000122877,,,EGR2
236998.9788,-2.106076722,0.163584856,-12.87452138,6.26E-38,2.51E-36,ENSG00000123338,,,NCKAP1L
10070.86542,-2.41886207,0.263403519,-9.183104617,4.19E-20,7.14E-19,ENSG00000123360,,,PDE1B
7305.133123,-2.082649368,0.224288196,-9.28559508,1.61E-20,2.82E-19,ENSG00000123689,,,G0S2
1980.432663,-4.290542688,0.47257681,-9.079037731,1.10E-19,1.82E-18,ENSG00000123977,,,DAW1
77064.15495,-2.125057719,0.141134525,-15.05696584,3.11E-51,2.06E-49,ENSG00000124191,,,TOX2
9829.606334,-3.729956817,0.272837633,-13.67097633,1.51E-42,7.18E-41,ENSG00000124343,,,XG
63.81303723,-9.696026823,1.672389318,-5.797709134,6.72E-09,4.68E-08,ENSG00000124610,,,HIST1H1A
46008.51235,-2.443119826,0.144325401,-16.92785754,2.80E-64,2.70E-62,ENSG00000125820,,,NKX2-2
152.8512503,-2.561751624,0.611130989,-4.191820856,2.77E-05,1.19E-04,ENSG00000126353,,,CCR7
261.2442115,-2.113348486,0.441275189,-4.789184935,1.67E-06,8.64E-06,ENSG00000126583,,,PRKCG
1840.865161,-4.032315381,0.575612265,-7.005263134,2.47E-12,2.41E-11,ENSG00000126752,,,SSX1
51809.53479,-2.747468479,0.204714841,-13.42095407,4.56E-41,2.09E-39,ENSG00000127152,,,BCL11B
30798.52305,-3.334731465,0.184149966,-18.10878136,2.72E-73,3.31E-71,ENSG00000127324,,,TSPAN8
15084.67341,-3.514547783,0.169154052,-20.77720121,6.96E-96,1.43E-93,ENSG00000128422,,,KRT17
15374.09005,-2.049465511,0.240299037,-8.52881282,1.48E-17,2.13E-16,ENSG00000128594,,,LRRC4
59514.08021,-4.499764737,0.375996515,-11.96757033,5.25E-33,1.74E-31,ENSG00000128610,,,FEZF1
4269.284138,-3.669866324,0.36099319,-10.16602648,2.81E-24,6.11E-23,ENSG00000129991,,,TNNI3
596.8441023,-2.078214693,0.483458706,-4.298639504,1.72E-05,7.68E-05,ENSG00000130768,,,SMPDL3B
16034.76715,-2.601925764,0.164946415,-15.77436991,4.67E-56,3.52E-54,ENSG00000131094,,,C1QL1
14720.21143,-2.328162317,0.295624343,-7.875407997,3.40E-15,4.15E-14,ENSG00000131409,,,LRRC4B
3340.224045,-3.047990176,0.483798854,-6.300118635,2.97E-10,2.40E-09,ENSG00000131771,,,PPP1R1B
6835.289396,-2.02350988,0.350356404,-5.775575553,7.67E-09,5.30E-08,ENSG00000132182,,,NUP210
22.38757235,-8.184577179,2.386407594,-3.429664405,6.04E-04,0.002081027,ENSG00000132464,,,ENAM
19.37158325,-7.975513493,2.547003825,-3.131331573,0.001740156,0.005448264,ENSG00000132554,,,RGS22
1218.760167,-4.477278689,0.384838591,-11.63417285,2.76E-31,8.51E-30,ENSG00000132915,,,PDE6A
14193.78069,-3.588525687,0.497443117,-7.213941779,5.44E-13,5.60E-12,ENSG00000132958,,,TPTE2
1024.259367,-2.419527066,0.372721818,-6.491509072,8.50E-11,7.27E-10,ENSG00000133636,,,NTS
207.8315101,-2.175544133,0.701679945,-3.100479285,0.001932077,0.005979798,ENSG00000133661,,,SFTPD
402.5769967,-4.002080731,1.03658171,-3.860844439,1.13E-04,4.43E-04,ENSG00000134042,,,MRO
1427.728803,-2.782395034,0.365696941,-7.608472277,2.77E-14,3.15E-13,ENSG00000134323,,,MYCN
5099.512891,-2.58760836,0.38566612,-6.709452098,1.95E-11,1.77E-10,ENSG00000134438,,,RAX
1006.260115,-2.332962522,0.441329644,-5.28621305,1.25E-07,7.47E-07,ENSG00000134594,,,RAB33A
276711.5429,-3.525418967,0.178730756,-19.72474711,1.32E-86,2.22E-84,ENSG00000134709,,,HOOK1
333.8863896,-3.398384059,1.036663521,-3.278193927,0.001044736,0.003424069,ENSG00000135248,,,FAM71F1
5442.210343,-2.492652416,0.29293571,-8.509213217,1.75E-17,2.51E-16,ENSG00000135298,,,ADGRB3
11621.63511,-2.745814737,0.532143794,-5.15991123,2.47E-07,1.42E-06,ENSG00000135333,,,EPHA7
51929.48704,-5.011448421,0.389341989,-12.8715848,6.51E-38,2.61E-36,ENSG00000135447,,,PPP1R1A
3761.774556,-2.699906789,0.272736157,-9.899335751,4.19E-23,8.49E-22,ENSG00000135519,,,KCNH3
1799.72612,-3.44433894,0.337181238,-10.21509666,1.70E-24,3.72E-23,ENSG00000135625,,,EGR4
1757.775617,-2.474048288,0.380993214,-6.493680724,8.38E-11,7.17E-10,ENSG00000135917,,,SLC19A3
3084.460869,-3.973601965,0.379412865,-10.47302908,1.15E-25,2.66E-24,ENSG00000136099,,,PCDH8
16335.84915,-2.831184783,0.298942539,-9.470665477,2.78E-21,5.08E-20,ENSG00000137558,,,PI15
1558.829349,-2.208164707,0.312338276,-7.069785797,1.55E-12,1.54E-11,ENSG00000137857,,,DUOX1
27.63762746,-8.488889985,2.210923425,-3.839522387,1.23E-04,4.79E-04,ENSG00000138075,,,ABCG5
5191.675231,-2.549847634,0.350549454,-7.273859953,3.49E-13,3.66E-12,ENSG00000138111,,,MFSD13A
5962.176048,-2.380119782,0.252213884,-9.436910236,3.84E-21,6.96E-20,ENSG00000138670,,,RASGEF1B
481.2469799,-12.61105402,1.18644972,-10.62923595,2.18E-26,5.27E-25,ENSG00000138722,,,MMRN1
370.1266027,-2.888541883,0.606453977,-4.763002619,1.91E-06,9.77E-06,ENSG00000139287,,,TPH2
378.6162614,-2.232486282,0.735803516,-3.03407939,0.002412709,0.007295365,ENSG00000139304,,,PTPRQ
2607.378229,-2.129433575,0.337371098,-6.311843511,2.76E-10,2.23E-09,ENSG00000139910,,,NOVA1
3285.815537,-3.714717807,0.342812391,-10.83600797,2.32E-27,5.89E-26,ENSG00000140015,,,KCNH5
41726.46589,-5.452471378,0.41887682,-13.01688497,9.81E-39,4.07E-37,ENSG00000140057,,,AK7
1179.475054,-3.376627901,0.294863802,-11.45148328,2.31E-30,6.77E-29,ENSG00000140519,,,RHCG
14704.03349,-3.039026535,0.248687975,-12.22023916,2.42E-34,8.52E-33,ENSG00000140600,,,SH3GL3
23015.76565,-3.747678336,0.14463349,-25.91155296,4.93E-148,2.71E-145,ENSG00000141968,,,VAV1
506.7422631,-2.259780715,0.587516569,-3.846326786,1.20E-04,4.67E-04,ENSG00000142765,,,SYTL1
40943.13411,-2.708546687,0.129915276,-20.84856203,1.57E-96,3.27E-94,ENSG00000143032,,,BARHL2
187.7300428,-2.243257092,0.736516005,-3.04576829,0.002320866,0.007049286,ENSG00000143119,,,CD53
257.1136709,-3.217715789,1.073862969,-2.996393284,0.002731938,0.00817886,ENSG00000143355,,,LHX9
310.6019623,-2.122349187,0.601234764,-3.52998415,4.16E-04,0.00147615,ENSG00000143416,,,SELENBP1
482.3982867,-2.327034418,0.457145216,-5.090361521,3.57E-07,2.02E-06,ENSG00000143850,,,PLEKHA6
747.7769388,-5.597450195,0.837132813,-6.686454182,2.29E-11,2.06E-10,ENSG00000143851,,,PTPN7
1659.663751,-2.74803552,0.314146036,-8.74763709,2.18E-18,3.32E-17,ENSG00000144227,,,NXPH2
314.1229519,-2.479510442,0.51595987,-4.805626532,1.54E-06,8.00E-06,ENSG00000144285,,,SCN1A
2069.853483,-2.761004135,0.258420673,-10.68414574,1.21E-26,2.96E-25,ENSG00000144406,,,UNC80
631.3253984,-5.232836187,0.907199332,-5.76812174,8.02E-09,5.53E-08,ENSG00000144476,,,ACKR3
3106.608416,-4.956749355,0.329876337,-15.02608341,4.95E-51,3.27E-49,ENSG00000144481,,,TRPM8
12109.96526,-3.866989735,0.241737867,-15.9966239,1.35E-57,1.08E-55,ENSG00000144644,,,GADL1
1251.633447,-3.27197575,0.271758885,-12.03999549,2.19E-33,7.40E-32,ENSG00000144820,,,ADGRG7
1956.408851,-3.982912636,0.494114274,-8.060711558,7.59E-16,9.75E-15,ENSG00000145192,,,AHSG
1050.323205,-2.008546435,0.672795675,-2.985373585,0.002832322,0.008446952,ENSG00000145335,,,SNCA
1678.180068,-2.960708369,0.221802028,-13.34842787,1.21E-40,5.44E-39,ENSG00000145626,,,UGT3A1
2519.754102,-5.765627025,0.309810401,-18.61017905,2.66E-77,3.62E-75,ENSG00000145681,,,HAPLN1
27364.54641,-3.342298512,0.230861739,-14.47748997,1.68E-47,9.70E-46,ENSG00000146038,,,DCDC2
3532.922703,-3.640431931,0.405180027,-8.984727013,2.59E-19,4.20E-18,ENSG00000146049,,,KAAG1
126364.4506,-3.091011925,0.16636253,-18.57997663,4.67E-77,6.30E-75,ENSG00000146250,,,PRSS35
140.931379,-10.83897627,1.342854288,-8.071595237,6.94E-16,8.95E-15,ENSG00000146276,,,GABRR1
21739.09629,-3.050668061,0.24376529,-12.51477623,6.20E-36,2.32E-34,ENSG00000146409,,,SLC18B1
27880.77634,-2.471214596,0.246969361,-10.00615859,1.43E-23,2.98E-22,ENSG00000147041,,,SYTL5
823.301192,-2.091244142,0.346120219,-6.041958916,1.52E-09,1.14E-08,ENSG00000147465,,,STAR
522.6024748,-2.010766314,0.363045397,-5.538608481,3.05E-08,1.96E-07,ENSG00000147481,,,SNTG1
10076.5207,-4.138866241,0.223119854,-18.54996842,8.16E-77,1.09E-74,ENSG00000147869,,,CER1
7049.634086,-2.174702919,0.316204952,-6.877510632,6.09E-12,5.76E-11,ENSG00000148541,,,FAM13C
48005.41582,-2.372463014,0.230594745,-10.28845221,7.94E-25,1.76E-23,ENSG00000148948,,,LRRC4C
136062.1588,-2.604874028,0.203070777,-12.82741942,1.15E-37,4.57E-36,ENSG00000150672,,,DLG2
57202.80208,-2.200168857,0.105375053,-20.87940928,8.24E-97,1.73E-94,ENSG00000151702,,,FLI1
8470.28929,-2.216268179,0.222210913,-9.973714363,1.99E-23,4.10E-22,ENSG00000151743,,,AMN1
33763.13316,-2.23774782,0.179478956,-12.46802336,1.12E-35,4.14E-34,ENSG00000152580,,,IGSF10
19435.27551,-3.556210272,0.420669068,-8.453700407,2.82E-17,4.01E-16,ENSG00000153820,,,SPHKAP
26316.02033,-4.356496283,0.224484167,-19.40669735,6.77E-84,1.07E-81,ENSG00000154162,,,CDH12
365.6860061,-3.827560883,1.021962687,-3.745303944,1.80E-04,6.80E-04,ENSG00000154269,,,ENPP3
105772.2,-2.66877696,0.178423786,-14.95751782,1.39E-50,8.98E-49,ENSG00000154359,,,LONRF1
6450.627387,-2.529285539,0.312244422,-8.100338585,5.48E-16,7.12E-15,ENSG00000154639,,,CXADR
61612.47135,-2.935212255,0.545076373,-5.384955944,7.25E-08,4.46E-07,ENSG00000155011,,,DKK2
314.4958674,-2.963076368,0.502103938,-5.901320712,3.61E-09,2.59E-08,ENSG00000155622,,,XAGE2
48.70697439,-9.305869235,1.956246199,-4.7570031,1.96E-06,1.00E-05,ENSG00000156222,,,SLC28A1
1101.104899,-2.579459578,0.51358587,-5.022450443,5.10E-07,2.82E-06,ENSG00000156427,,,FGF18
14718.17504,-2.190678238,0.163303673,-13.41475181,4.96E-41,2.26E-39,ENSG00000156564,,,LRFN2
6149.160402,-2.128834715,0.299702009,-7.103171315,1.22E-12,1.22E-11,ENSG00000156925,,,ZIC3
50701.35022,-2.210984153,0.095975307,-23.03701054,1.99E-117,6.67E-115,ENSG00000157214,,,STEAP2
1514.413278,-2.391521275,0.335689563,-7.124205027,1.05E-12,1.06E-11,ENSG00000157335,,,CLEC18C
318.0202441,-12.01288515,1.218554348,-9.858308884,6.31E-23,1.27E-21,ENSG00000157502,,,MUM1L1
275.9195051,-3.234527016,0.881988043,-3.667313909,2.45E-04,9.05E-04,ENSG00000157765,,,SLC34A2
56892.99469,-2.488483363,0.221585243,-11.2303659,2.89E-29,7.99E-28,ENSG00000157851,,,DPYSL5
60790.55635,-3.131161384,0.086543854,-36.18005465,1.25E-286,2.95E-283,ENSG00000158258,,,CLSTN2
2025.212548,-2.472915447,0.3555343,-6.955490493,3.51E-12,3.39E-11,ENSG00000158473,,,CD1D
331685.5107,-3.10704262,0.171022678,-18.16743048,9.35E-74,1.15E-71,ENSG00000159023,,,EPB41
5680.480765,-2.789035376,0.289571267,-9.631602626,5.88E-22,1.11E-20,ENSG00000159182,,,PRAC1
367.347632,-12.22104019,1.157064483,-10.56210814,4.47E-26,1.06E-24,ENSG00000159224,,,GIP
12171.68444,-2.100540489,0.17478406,-12.01791793,2.86E-33,9.65E-32,ENSG00000160117,,,ANKLE1
6432.625677,-2.120696482,0.22409706,-9.463294537,2.98E-21,5.44E-20,ENSG00000160716,,,CHRNB2
660.3311893,-2.479510417,0.528679134,-4.690009983,2.73E-06,1.37E-05,ENSG00000160862,,,AZGP1
54.85527821,-9.477953041,1.764051086,-5.372833653,7.75E-08,4.75E-07,ENSG00000160883,,,HK3
2788.61171,-4.48166249,1.52721509,-2.934532613,0.003340504,0.009781824,ENSG00000161031,,,PGLYRP2
1039.787688,-3.678674753,0.433553621,-8.484936062,2.16E-17,3.08E-16,ENSG00000161082,,,CELF5
404.5457616,-4.970707424,0.940502121,-5.28516344,1.26E-07,7.51E-07,ENSG00000161609,,,CCDC155
13671.78037,-3.598945948,0.275916927,-13.04358521,6.91E-39,2.89E-37,ENSG00000161681,,,SHANK1
293.0952279,-4.75043925,1.331857761,-3.566776714,3.61E-04,0.001296549,ENSG00000161940,,,BCL6B
13530.20896,-2.773259369,0.330910397,-8.380695791,5.26E-17,7.36E-16,ENSG00000161958,,,FGF11
122.1698786,-10.63271997,1.399257468,-7.598830244,2.99E-14,3.38E-13,ENSG00000161973,,,CCDC42
2118.36419,-2.017652101,0.258491404,-7.805490137,5.93E-15,7.11E-14,ENSG00000162496,,,DHRS3
465.2542832,-2.265290815,0.447215556,-5.065322051,4.08E-07,2.28E-06,ENSG00000162873,,,KLHDC8A
10926.54838,-3.726517276,0.264539176,-14.08682576,4.58E-45,2.41E-43,ENSG00000163406,,,SLC15A2
1419.963272,-2.765946446,0.29149944,-9.488685271,2.34E-21,4.30E-20,ENSG00000163421,,,PROK2
9409.598983,-4.97038054,0.837347417,-5.935864182,2.92E-09,2.12E-08,ENSG00000163497,,,FEV
23045.20347,-5.898355917,0.200035235,-29.4865848,4.28E-191,4.40E-188,ENSG00000163630,,,SYNPR
437.0612471,-2.745439444,0.508838991,-5.395497382,6.83E-08,4.22E-07,ENSG00000163793,,,DNAJC5G
958.4766326,-2.168915479,0.413548365,-5.244647695,1.57E-07,9.24E-07,ENSG00000163827,,,LRRC2
2911.577573,-2.407442704,0.255072256,-9.438277397,3.79E-21,6.88E-20,ENSG00000163873,,,GRIK3
15215.25452,-2.428242847,0.164165144,-14.79146418,1.66E-49,1.03E-47,ENSG00000163884,,,KLF15
2386.830474,-2.916214507,0.458459705,-6.360896006,2.01E-10,1.65E-09,ENSG00000164076,,,CAMKV
4559.463339,-3.193304537,0.304982593,-10.4704485,1.18E-25,2.73E-24,ENSG00000164082,,,GRM2
837.5994352,-2.387508372,0.304109834,-7.850809491,4.13E-15,5.01E-14,ENSG00000164112,,,TMEM155
63019.60084,-3.226207797,0.383053902,-8.422333725,3.69E-17,5.20E-16,ENSG00000164128,,,NPY1R
7334.768008,-2.996951898,0.259821964,-11.53463644,8.83E-31,2.64E-29,ENSG00000164129,,,NPY5R
4501.4214,-2.73754783,0.241342301,-11.34300876,8.03E-30,2.28E-28,ENSG00000164362,,,TERT
1221.961421,-3.486537624,0.734804756,-4.744849017,2.09E-06,1.06E-05,ENSG00000164434,,,FABP7
134804.1504,-2.3437615,0.192149395,-12.19760022,3.20E-34,1.12E-32,ENSG00000164684,,,ZNF704
1565.215646,-2.045128357,0.368684217,-5.547100375,2.90E-08,1.88E-07,ENSG00000164796,,,CSMD3
924.8846536,-2.130049003,0.533844939,-3.990014419,6.61E-05,2.68E-04,ENSG00000164841,,,TMEM74
2694.443531,-4.756573433,0.498779208,-9.536430863,1.48E-21,2.75E-20,ENSG00000164853,,,UNCX
2037.610705,-3.491643559,0.332021674,-10.51631212,7.27E-26,1.70E-24,ENSG00000165061,,,ZMAT4
5982.574557,-2.624341765,0.231685051,-11.32719508,9.62E-30,2.71E-28,ENSG00000165071,,,TMEM71
2260.480722,-2.03165475,0.367685792,-5.525518789,3.29E-08,2.11E-07,ENSG00000165113,,,GKAP1
842.2604752,-3.11306784,0.636742524,-4.889052832,1.01E-06,5.39E-06,ENSG00000165349,,,SLC7A3
2955.256725,-2.06496392,0.360779299,-5.723620857,1.04E-08,7.09E-08,ENSG00000165443,,,PHYHIPL
104711.7854,-4.271953464,0.213305668,-20.02737907,3.18E-89,5.54E-87,ENSG00000165566,,,AMER2
393.6728411,-2.539911844,0.60554576,-4.194417686,2.74E-05,1.18E-04,ENSG00000165583,,,SSX5
58485.94263,-2.951924303,0.222880793,-13.24440864,4.86E-40,2.13E-38,ENSG00000165588,,,OTX2
28191.91099,-2.904834745,0.16510079,-17.59431158,2.72E-69,3.03E-67,ENSG00000165731,,,RET
76061.95758,-2.473336053,0.455983405,-5.424179972,5.82E-08,3.63E-07,ENSG00000165821,,,SALL2
8597.535685,-2.326854723,0.188169544,-12.36573505,4.01E-35,1.44E-33,ENSG00000165995,,,CACNB2
72459.90248,-2.604229306,0.196427718,-13.25795227,4.06E-40,1.79E-38,ENSG00000166265,,,CYYR1
4712.171771,-2.148891235,0.341812586,-6.286752805,3.24E-10,2.61E-09,ENSG00000166342,,,NETO1
186.3743291,-2.577278048,0.79564353,-3.239237108,0.001198499,0.003878868,ENSG00000166473,,,PKD1L2
195023.5986,-3.254534893,0.129685196,-25.09565475,5.55E-139,2.69E-136,ENSG00000166501,,,PRKCB
120.4196185,-10.61213867,1.425897297,-7.442428493,9.89E-14,1.08E-12,ENSG00000166509,,,CLEC3A
5292.790423,-4.641892981,0.32362466,-14.34344646,1.17E-46,6.51E-45,ENSG00000166535,,,A2ML1
32.93459491,-8.741247154,2.893067908,-3.021445549,0.002515709,0.007582351,ENSG00000166558,,,SLC38A8
1795.106527,-2.452870437,0.316116795,-7.759380317,8.53E-15,1.01E-13,ENSG00000166689,,,PLEKHA7
31600.48382,-5.233765641,0.256211251,-20.42754028,9.52E-93,1.87E-90,ENSG00000166828,,,SCNN1G
794.9009803,-3.471064988,0.474679027,-7.312446493,2.62E-13,2.77E-12,ENSG00000166863,,,TAC3
648.6675319,-3.303575621,0.398487642,-8.290283745,1.13E-16,1.55E-15,ENSG00000166869,,,CHP2
97.79585351,-10.3121437,1.611367636,-6.399621953,1.56E-10,1.30E-09,ENSG00000166960,,,CCDC178
18715.34102,-5.780724622,0.609496964,-9.484419061,2.44E-21,4.47E-20,ENSG00000167210,,,LOXHD1
801.817107,-2.069182418,0.314761373,-6.573813048,4.90E-11,4.30E-10,ENSG00000167619,,,TMEM145
3240.887398,-2.612457444,0.333401349,-7.835773475,4.66E-15,5.63E-14,ENSG00000167646,,,DNAAF3
2013.796567,-3.066689614,0.40274156,-7.614534776,2.65E-14,3.01E-13,ENSG00000167676,,,PLIN4
364.4944376,-3.774471727,1.018031664,-3.70761722,2.09E-04,7.81E-04,ENSG00000167880,,,EVPL
444.4350144,-2.50289541,0.593012803,-4.220643128,2.44E-05,1.06E-04,ENSG00000167964,,,RAB26
1002.920766,-2.564253338,0.442915164,-5.789490962,7.06E-09,4.90E-08,ENSG00000168032,,,ENTPD3
58.51917317,-9.570911147,1.7128061,-5.587854425,2.30E-08,1.50E-07,ENSG00000168263,,,KCNV2
239.2509897,-6.904873427,1.412424458,-4.888667417,1.02E-06,5.40E-06,ENSG00000168314,,,MOBP
590.0921193,-4.192557348,0.371230118,-11.2936886,1.41E-29,3.95E-28,ENSG00000168412,,,MTNR1A
31664.81357,-2.246773941,0.191769724,-11.71599922,1.06E-31,3.31E-30,ENSG00000168421,,,RHOH
1903.981192,-4.172376346,0.255255884,-16.34585767,4.66E-60,3.98E-58,ENSG00000168447,,,SCNN1B
10584.85106,-2.521043748,0.221866689,-11.36287634,6.40E-30,1.83E-28,ENSG00000168546,,,GFRA2
338583.2242,-2.678491865,0.125676744,-21.31254982,8.68E-101,2.06E-98,ENSG00000168671,,,UGT3A2
209837.9348,-2.998108696,0.17109409,-17.52315757,9.54E-69,1.04E-66,ENSG00000168672,,,FAM84B
98911.94994,-2.585341077,0.178787892,-14.46038124,2.16E-47,1.24E-45,ENSG00000168765,,,GSTM4
44475.51741,-2.531623877,0.13967008,-18.12574233,2.00E-73,2.45E-71,ENSG00000169297,,,NR0B1
1093.369399,-2.158713427,0.279620707,-7.72014866,1.16E-14,1.36E-13,ENSG00000169314,,,C22orf15
7630.675008,-3.024634316,0.310229675,-9.749661504,1.85E-22,3.60E-21,ENSG00000169618,,,PROKR1
4489.727895,-4.823949596,0.361851233,-13.33130622,1.52E-40,6.81E-39,ENSG00000169894,,,MUC3A
19.97756033,-8.020266474,2.489547516,-3.221575978,0.001274877,0.004106287,ENSG00000170011,,,MYRIP
10219.78352,-2.583115683,0.210479389,-12.27253505,1.27E-34,4.51E-33,ENSG00000170049,,,KCNAB3
14588.12581,-2.165812739,0.220872782,-9.805702259,1.06E-22,2.11E-21,ENSG00000170439,,,METTL7B
69764.82642,-2.34200272,0.190415518,-12.29943201,9.12E-35,3.25E-33,ENSG00000170579,,,DLGAP1
4232.48322,-2.655319163,0.200690752,-13.23089948,5.82E-40,2.53E-38,ENSG00000170703,,,TTLL6
1234.808072,-2.469817497,0.377771467,-6.537861422,6.24E-11,5.42E-10,ENSG00000171119,,,NRTN
2092.421237,-2.002831525,0.319190495,-6.274721694,3.50E-10,2.81E-09,ENSG00000171189,,,GRIK1
805.3111199,-2.722938091,0.4367026,-6.235222985,4.51E-10,3.58E-09,ENSG00000171195,,,MUC7
761.817407,-2.849806307,0.610282123,-4.669653914,3.02E-06,1.50E-05,ENSG00000171483,,,SSX6
4980.646208,-2.427258287,0.298598672,-8.128831499,4.33E-16,5.69E-15,ENSG00000171766,,,GATM
1866.919471,-3.241516329,0.383207021,-8.458916844,2.70E-17,3.83E-16,ENSG00000171860,,,C3AR1
79031.51459,-4.404485731,0.252239846,-17.46149862,2.81E-68,3.05E-66,ENSG00000171954,,,CYP4F22
18021.8592,-3.95183821,0.26691524,-14.80559228,1.35E-49,8.36E-48,ENSG00000172236,,,TPSAB1
395.7016429,-2.264321669,0.534876264,-4.233356054,2.30E-05,1.01E-04,ENSG00000172243,,,CLEC7A
6941.966762,-2.040737963,0.139332915,-14.64648864,1.42E-48,8.43E-47,ENSG00000172461,,,FUT9
1327.775684,-2.335047603,0.343756481,-6.792737693,1.10E-11,1.02E-10,ENSG00000172554,,,SNTG2
4080.238194,-2.84130781,0.400077962,-7.101885333,1.23E-12,1.23E-11,ENSG00000172969,,,FRG2C
1770.956738,-2.742166743,0.407414389,-6.730657575,1.69E-11,1.54E-10,ENSG00000173198,,,CYSLTR1
8367.875153,-4.182596112,0.260816658,-16.03653749,7.10E-58,5.77E-56,ENSG00000173212,,,MAB21L3
64032.76447,-2.935617713,0.139894572,-20.98450053,9.09E-98,1.97E-95,ENSG00000173406,,,DAB1
2763.630542,-5.465560908,0.302390054,-18.0745393,5.06E-73,6.10E-71,ENSG00000173805,,,HAP1
24128.82421,-3.145866712,0.183626856,-17.13184437,8.59E-66,8.81E-64,ENSG00000173868,,,PHOSPHO1
7029.50403,-3.620498418,0.19346877,-18.71360643,3.84E-78,5.31E-76,ENSG00000173890,,,GPR160
38.51975991,-8.967223812,2.012462639,-4.455846105,8.36E-06,3.91E-05,ENSG00000173908,,,KRT28
1447.480049,-2.187074814,0.35372515,-6.18297798,6.29E-10,4.92E-09,ENSG00000174460,,,ZCCHC12
24965.83061,-3.828389047,0.194019642,-19.7319663,1.15E-86,1.94E-84,ENSG00000174469,,,CNTNAP2
651.5149226,-3.73915967,0.975178493,-3.83433361,1.26E-04,4.89E-04,ENSG00000174473,,,GALNTL6
50.58283404,-9.360290448,1.899933226,-4.9266418,8.37E-07,4.51E-06,ENSG00000174844,,,DNAH12
1181.837343,-3.21661535,0.547722381,-5.872711179,4.29E-09,3.05E-08,ENSG00000175161,,,CADM2
45.99364084,-9.223173449,1.976820258,-4.665661136,3.08E-06,1.53E-05,ENSG00000175302,,,ANKRD30BP1
48967.69458,-2.7022373,0.169782227,-15.91590206,4.92E-57,3.83E-55,ENSG00000175538,,,KCNE3
74.21205003,-9.913845294,1.637451624,-6.054435532,1.41E-09,1.06E-08,ENSG00000175664,,,TEX26
2122.257606,-2.690565516,0.369309751,-7.285389861,3.21E-13,3.37E-12,ENSG00000175894,,,TSPEAR
42.21842889,-9.099427184,1.986159218,-4.581418802,4.62E-06,2.24E-05,ENSG00000176294,,,OR4N2
11013.13718,-2.65884341,0.145550701,-18.26747239,1.50E-74,1.89E-72,ENSG00000176769,,,TCERG1L
1396.678591,-2.393531803,0.438504359,-5.458399106,4.80E-08,3.02E-07,ENSG00000177098,,,SCN4B
64023.97383,-4.484397086,0.418261086,-10.72152596,8.07E-27,1.99E-25,ENSG00000177301,,,KCNA2
141.5856016,-10.84588021,1.349686173,-8.035853396,9.29E-16,1.19E-14,ENSG00000177455,,,CD19
952.8995111,-2.071796854,0.327215422,-6.331599047,2.43E-10,1.97E-09,ENSG00000177459,,,ERICH5
882.6776297,-2.118405328,0.507472458,-4.174424238,2.99E-05,1.28E-04,ENSG00000177721,,,ANXA2R
118.0324756,-10.58315308,1.436180888,-7.368955518,1.72E-13,1.85E-12,ENSG00000177910,,,SPATA31C2
7878.649939,-2.165253111,0.239227684,-9.051013981,1.42E-19,2.33E-18,ENSG00000178233,,,TMEM151B
4607.105546,-3.021781515,0.317661062,-9.51259654,1.86E-21,3.43E-20,ENSG00000178522,,,AMBN
22.05246245,-8.162788327,2.401201615,-3.399459786,6.75E-04,0.002298609,ENSG00000178645,,,C10orf53
23788.35379,-2.481099426,0.477304792,-5.198144809,2.01E-07,1.17E-06,ENSG00000178662,,,CSRNP3
56.00262723,-9.507308453,1.820296207,-5.222945812,1.76E-07,1.03E-06,ENSG00000178722,,,C5orf64
36.74783956,-8.900150253,2.811513795,-3.16560789,0.001547593,0.004895161,ENSG00000179676,,,LINC00305
7133.464307,-2.723200775,0.150401178,-18.10624627,2.84E-73,3.46E-71,ENSG00000179869,,,ABCA13
498.9302866,-2.415456108,0.585401034,-4.126156203,3.69E-05,1.56E-04,ENSG00000179873,,,NLRP11
622.4201641,-3.504859676,0.493458042,-7.102649821,1.22E-12,1.23E-11,ENSG00000180066,,,C10orf91
40.69556343,-9.047192589,2.709151356,-3.339493221,8.39E-04,0.002803445,ENSG00000180347,,,CCDC129
36076.0224,-2.317994233,0.22207633,-10.43782662,1.67E-25,3.81E-24,ENSG00000180440,,,SERTM1
330.5888362,-2.21105903,0.605202427,-3.653420625,2.59E-04,9.52E-04,ENSG00000180739,,,S1PR5
2457.79369,-2.962414644,0.368376571,-8.041810685,8.85E-16,1.13E-14,ENSG00000180828,,,BHLHE22
5011.691566,-2.46383776,0.348785011,-7.064058604,1.62E-12,1.61E-11,ENSG00000180884,,,ZNF792
4174.83516,-4.536916168,0.310232404,-14.6242498,1.97E-48,1.17E-46,ENSG00000181072,,,CHRM2
41027.96157,-2.221686981,0.121779433,-18.24353198,2.33E-74,2.92E-72,ENSG00000181449,,,SOX2
11017.00332,-2.789565179,0.164227553,-16.98597546,1.04E-64,1.03E-62,ENSG00000182050,,,MGAT4C
529.8775285,-2.002875472,0.502459847,-3.986140357,6.72E-05,2.72E-04,ENSG00000182132,,,KCNIP1
184.7430207,-11.22955788,1.429154272,-7.857484733,3.92E-15,4.76E-14,ENSG00000182315,,,MBD3L3
1949.207181,-3.16287574,0.384837586,-8.21872877,2.06E-16,2.77E-15,ENSG00000182459,,,TEX19
17385.49471,-2.202965065,0.264357519,-8.333279386,7.86E-17,1.09E-15,ENSG00000182580,,,EPHB3
31004.55622,-3.613338108,0.207026767,-17.45348276,3.24E-68,3.50E-66,ENSG00000182601,,,HS3ST4
561.511285,-4.250230864,0.948906806,-4.479081442,7.50E-06,3.53E-05,ENSG00000182782,,,HCAR2
2825.670351,-2.144480607,0.217337491,-9.867053316,5.78E-23,1.16E-21,ENSG00000182836,,,PLCXD3
5375.458188,-3.864955953,0.340151249,-11.36246292,6.43E-30,1.84E-28,ENSG00000182853,,,VMO1
24653.31832,-3.354814951,0.102397938,-32.7625246,2.01E-235,3.01E-232,ENSG00000182968,,,SOX1
2669.371112,-5.767205569,1.420237644,-4.060732788,4.89E-05,2.03E-04,ENSG00000183019,,,MCEMP1
27029.40084,-2.710627695,0.472805903,-5.733066521,9.86E-09,6.73E-08,ENSG00000183091,,,NEB
27755.33948,-3.46910837,0.182817811,-18.97576801,2.71E-80,4.00E-78,ENSG00000183250,,,LINC01547
332.9360978,-2.319612217,0.514486195,-4.508599531,6.53E-06,3.10E-05,ENSG00000183423,,,LRIT3
339.2853996,-3.529149334,1.073662287,-3.287019928,0.001012537,0.003330026,ENSG00000183454,,,GRIN2A
1558.761284,-2.602892994,0.413573211,-6.293669232,3.10E-10,2.50E-09,ENSG00000183508,,,FAM46C
569.3081122,-2.469615757,0.720398124,-3.428126302,6.08E-04,0.002090668,ENSG00000183775,,,KCTD16
8903.774199,-4.39278313,0.321555935,-13.66102335,1.74E-42,8.21E-41,ENSG00000183780,,,SLC35F3
45253.05443,-2.125216714,0.15797515,-13.45285455,2.96E-41,1.36E-39,ENSG00000183971,,,NPW
9066.591163,-2.049455697,0.340331893,-6.021932525,1.72E-09,1.28E-08,ENSG00000184226,,,PCDH9
4361.800719,-3.718882056,0.255704346,-14.54367953,6.41E-48,3.74E-46,ENSG00000184368,,,MAP7D2
12607.51608,-3.03642452,0.237581842,-12.78054123,2.11E-37,8.28E-36,ENSG00000184486,,,POU3F2
1345.842152,-2.293486018,0.468350677,-4.89694182,9.73E-07,5.19E-06,ENSG00000184564,,,SLITRK6
47.07145552,-9.257223166,1.874410846,-4.938737516,7.86E-07,4.25E-06,ENSG00000184611,,,KCNH7
392526.0014,-2.607088112,0.342260321,-7.617266613,2.59E-14,2.95E-13,ENSG00000184613,,,NELL2
1375.710485,-3.786181839,0.404926506,-9.350293897,8.74E-21,1.55E-19,ENSG00000184731,,,FAM110C
2122.059176,-4.028133154,0.374037326,-10.7693347,4.80E-27,1.20E-25,ENSG00000185038,,,MROH2A
55824.33175,-2.429276694,0.156301286,-15.54226942,1.80E-54,1.29E-52,ENSG00000185052,,,SLC24A3
1458.991922,-3.223105152,0.432759681,-7.447794463,9.49E-14,1.04E-12,ENSG00000185133,,,INPP5J
105650.2102,-2.024990852,0.220658068,-9.177053309,4.43E-20,7.54E-19,ENSG00000185272,,,RBM11
1303.405483,-3.079657589,0.52003591,-5.922009477,3.18E-09,2.30E-08,ENSG00000185518,,,SV2B
1514.928971,-2.391940106,0.568858812,-4.204804523,2.61E-05,1.13E-04,ENSG00000185610,,,DBX2
35004.95535,-2.033396582,0.433403766,-4.691691079,2.71E-06,1.36E-05,ENSG00000185630,,,PBX1
680.3941757,-2.606156695,0.724154,-3.598898433,3.20E-04,0.001157573,ENSG00000185666,,,SYN3
51232.69194,-2.734419834,0.225728676,-12.11374597,8.93E-34,3.08E-32,ENSG00000185668,,,POU3F1
1209.850133,-2.56199071,0.282255725,-9.076842331,1.12E-19,1.85E-18,ENSG00000185686,,,PRAME
40.84569806,-9.052337371,2.052928092,-4.409476107,1.04E-05,4.78E-05,ENSG00000185847,,,LINC01405
1874.924256,-3.382189889,0.382643753,-8.839004598,9.66E-19,1.50E-17,ENSG00000186479,,,RGS7BP
135.3836826,-5.674368573,1.648340846,-3.442472827,5.76E-04,0.001995362,ENSG00000186842,,,LINC00846
15871.52385,-2.933750746,0.196009663,-14.96737814,1.20E-50,7.79E-49,ENSG00000186868,,,MAPT
3591.072959,-2.664704191,0.229805037,-11.59549952,4.34E-31,1.32E-29,ENSG00000186907,,,RTN4RL2
13538.65718,-5.538200939,0.699886248,-7.913001517,2.51E-15,3.10E-14,ENSG00000187094,,,CCK
176.0099944,-2.06643209,0.658891827,-3.13622359,0.001711387,0.005367887,ENSG00000187122,,,SLIT1
152.3510415,-10.95103151,1.398805567,-7.828844672,4.92E-15,5.93E-14,ENSG00000187730,,,GABRD
1057.223016,-2.763590811,0.447628232,-6.173852795,6.66E-10,5.20E-09,ENSG00000187754,,,SSX7
18111.63354,-3.851390543,0.452653102,-8.508481504,1.76E-17,2.53E-16,ENSG00000187772,,,LIN28B
32.93459491,-8.741247154,2.893067908,-3.021445549,0.002515709,0.007582351,ENSG00000187773,,,FAM69C
459.322842,-3.347886127,0.512618087,-6.530955909,6.54E-11,5.67E-10,ENSG00000187808,,,SOWAHD
7773.703856,-2.996830244,0.562553025,-5.327196038,9.97E-08,6.04E-07,ENSG00000187867,,,PALM3
172.1746964,-3.315476407,1.095023532,-3.027767267,0.002463677,0.007439827,ENSG00000187889,,,FYB2
386.2209736,-3.671884398,1.029914301,-3.565232947,3.64E-04,0.001303637,ENSG00000187902,,,SHISA7
2859.412443,-3.501370456,0.347600936,-10.07296039,7.28E-24,1.54E-22,ENSG00000188039,,,NWD1
22.05246245,-8.162788327,2.401201615,-3.399459786,6.75E-04,0.002298609,ENSG00000188477,,,
791.7641221,-3.905889916,0.572539964,-6.822038919,8.98E-12,8.40E-11,ENSG00000188536,,,HBA2
43105.90346,-3.287721702,0.222578313,-14.77107834,2.25E-49,1.38E-47,ENSG00000188778,,,ADRB3
54423.8639,-4.024227652,0.243202511,-16.54681785,1.69E-61,1.52E-59,ENSG00000188992,,,LIPI
121.1444447,-10.62041664,1.432276591,-7.415059849,1.22E-13,1.32E-12,ENSG00000189108,,,IL1RAPL2
6107.917365,-2.463966853,0.20293783,-12.14148614,6.37E-34,2.21E-32,ENSG00000196092,,,PAX5
171.7102268,-11.12379316,1.360723108,-8.174913104,2.96E-16,3.93E-15,ENSG00000196341,,,OR8D1
4324.781847,-2.384090945,0.245684754,-9.703861975,2.90E-22,5.61E-21,ENSG00000196353,,,CPNE4
68.0461033,-9.788307558,1.706622018,-5.735486509,9.72E-09,6.64E-08,ENSG00000196589,,,MBD3L2B
159.5223469,-4.35610475,1.452522133,-2.998993717,0.002708729,0.008121009,ENSG00000196668,,,LINC00173
255847.5893,-2.269785616,0.104562066,-21.70754376,1.74E-104,4.55E-102,ENSG00000196730,,,DAPK1
2556.254114,-5.337013117,0.405917733,-13.14801666,1.75E-39,7.47E-38,ENSG00000197177,,,ADGRA1
34.31457906,-8.800751783,2.876498642,-3.059536221,0.0022168,0.006765646,ENSG00000197241,,,SLC2A7
430.3300724,-2.300384177,0.715753279,-3.213934529,0.001309295,0.004208504,ENSG00000197245,,,FAM110D
17990.64088,-4.336185413,0.292421039,-14.82856854,9.58E-50,6.00E-48,ENSG00000197253,,,TPSB2
496.092233,-3.501171126,0.461443272,-7.587435645,3.26E-14,3.68E-13,ENSG00000197410,,,DCHS2
17.26422678,-7.809737691,2.646296286,-2.9511955,0.003165465,0.0093265,ENSG00000197446,,,CYP2F1
1130.42208,-2.13210485,0.432670786,-4.927776317,8.32E-07,4.48E-06,ENSG00000197558,,,SSPO
957.9413674,-2.421007487,0.631387954,-3.834421408,1.26E-04,4.88E-04,ENSG00000197705,,,KLHL14
114445.6928,-2.998328562,0.149078593,-20.11240179,5.75E-90,1.02E-87,ENSG00000197872,,,FAM49A
224.596898,-3.344912913,1.092912309,-3.060550134,0.002209308,0.006744655,ENSG00000197882,,,OR7E13P
265.9898623,-2.821114029,0.621368584,-4.540161993,5.62E-06,2.70E-05,ENSG00000197934,,,CYYR1-AS1
3389.555022,-2.875923187,0.360463436,-7.978404748,1.48E-15,1.86E-14,ENSG00000197991,,,AL592490.1
1791.187012,-2.898601722,0.341078021,-8.498353866,1.92E-17,2.75E-16,ENSG00000198074,,,AKR1B10
8919.704107,-2.762809139,0.319416969,-8.649537787,5.17E-18,7.70E-17,ENSG00000198157,,,HMGN5
402122.238,-3.089917149,0.145329031,-21.26152725,2.58E-100,6.02E-98,ENSG00000198300,,,PEG3
4508.164937,-2.922577299,0.214943536,-13.59695366,4.17E-42,1.95E-40,ENSG00000198435,,,NRARP
5665.824336,-2.820617677,0.285241237,-9.888534021,4.67E-23,9.44E-22,ENSG00000198626,,,RYR2
2820.890732,-2.976886083,0.33628621,-8.852239532,8.58E-19,1.34E-17,ENSG00000198673,,,FAM19A2
349.8533862,-12.15052322,1.202245985,-10.10652011,5.17E-24,1.11E-22,ENSG00000198765,,,SYCP1
570.5794771,-3.316942689,0.475854337,-6.97050007,3.16E-12,3.06E-11,ENSG00000198821,,,CD247
489013.6868,-2.199498947,0.11769571,-18.68801285,6.20E-78,8.51E-76,ENSG00000198848,,,CES1
779.498753,-2.360885453,0.330131954,-7.151338805,8.59E-13,8.74E-12,ENSG00000198914,,,POU3F3
115073.9811,-2.477958754,0.195942345,-12.64636675,1.17E-36,4.47E-35,ENSG00000198924,,,DCLRE1A
74.34054354,-9.916203192,1.628291822,-6.089942268,1.13E-09,8.59E-09,ENSG00000199666,,,SNORD3G
277.0665656,-2.357984428,0.545556231,-4.322165697,1.55E-05,6.96E-05,ENSG00000200121,,,RF00019
35.61802025,-8.854690938,2.031107515,-4.359538267,1.30E-05,5.93E-05,ENSG00000203262,,,AL137845.1
26.52037246,-8.429389426,2.247619081,-3.750363884,1.77E-04,6.67E-04,ENSG00000203900,,,AL121827.1
807.6415041,-4.468710671,0.512582637,-8.718029733,2.83E-18,4.28E-17,ENSG00000204091,,,TDRG1
942.3430313,-2.539866153,0.387367164,-6.556740961,5.50E-11,4.81E-10,ENSG00000204092,,,LINC00951
1951.518985,-2.717441272,0.209617374,-12.96381696,1.96E-38,8.03E-37,ENSG00000204228,,,HSD17B8
4563.434125,-3.30910326,0.799000087,-4.141555567,3.45E-05,1.47E-04,ENSG00000204347,,,BTBD17
12271.64849,-3.838057157,0.206627149,-18.57479611,5.14E-77,6.91E-75,ENSG00000204379,,,XAGE1A
12109.52426,-3.777478891,0.271178659,-13.92985315,4.17E-44,2.11E-42,ENSG00000204382,,,XAGE1B
27.38111071,-8.474799408,2.253733474,-3.760337904,1.70E-04,6.43E-04,ENSG00000204414,,,CSHL1
353.6066205,-3.060927203,1.045679561,-2.927213382,0.003420141,0.009989633,ENSG00000204648,,,SSX9
27.52592416,-8.483040886,2.213849107,-3.83180627,1.27E-04,4.93E-04,ENSG00000204657,,,OR2H2
408.9103261,-2.361544895,0.624730724,-3.78010046,1.57E-04,5.98E-04,ENSG00000204789,,,ZNF204P
35.11150839,-8.83403587,2.824061622,-3.128131412,0.001759215,0.005502183,ENSG00000204869,,,IGFL4
5980.372254,-3.403197178,0.269335008,-12.63555451,1.34E-36,5.12E-35,ENSG00000204950,,,LRRC10B
22085.24482,-2.231318128,0.686479704,-3.25037742,0.001152519,0.003742932,ENSG00000205097,,,FRG2
1174.248111,-5.433188972,1.393098393,-3.900075543,9.62E-05,3.81E-04,ENSG00000205592,,,MUC19
60.57222236,-9.620389643,1.72229911,-5.585783321,2.33E-08,1.52E-07,ENSG00000205718,,,MBD3L4
329.1177831,-2.462902788,0.532933045,-4.621411282,3.81E-06,1.87E-05,ENSG00000205835,,,GMNC
1288.734824,-2.471961539,0.244831512,-10.09658243,5.72E-24,1.22E-22,ENSG00000206028,,,Z99774.1
291.6335157,-3.050454759,0.536392651,-5.686980891,1.29E-08,8.69E-08,ENSG00000206557,,,TRIM71
36.57344748,-8.89350857,2.071544945,-4.293176737,1.76E-05,7.85E-05,ENSG00000206633,,,SNORA80B
435.4135831,-2.551342314,0.553595307,-4.608677642,4.05E-06,1.98E-05,ENSG00000207148,,,RF00019
307.7771685,-3.870629686,1.027698445,-3.76630879,1.66E-04,6.30E-04,ENSG00000211689,,,TRGC1
517.0586187,-3.886113374,1.069395351,-3.633935167,2.79E-04,0.001021888,ENSG00000211776,,,TRAV2
3764.956973,-3.902416389,0.265151467,-14.71768736,4.96E-49,2.99E-47,ENSG00000211777,,,TRAV3
335.8645724,-3.956620987,1.002165634,-3.948070911,7.88E-05,3.16E-04,ENSG00000211779,,,TRAV5
1012.857488,-5.911737979,1.235951021,-4.783149073,1.73E-06,8.89E-06,ENSG00000211780,,,TRAV6
30.03285525,-8.608310003,2.180528996,-3.947808086,7.89E-05,3.16E-04,ENSG00000211781,,,TRAV7
59.57198495,-9.597060613,1.758820966,-5.45653071,4.86E-08,3.05E-07,ENSG00000211795,,,TRAV8-6
3828.965518,-4.10292597,0.782834133,-5.241117881,1.60E-07,9.40E-07,ENSG00000211892,,,IGHG4
241.7479268,-3.412630157,1.080330564,-3.158875876,0.001583789,0.005001488,ENSG00000211893,,,IGHG2
1019.769042,-3.601213252,0.563896233,-6.386304863,1.70E-10,1.41E-09,ENSG00000211896,,,IGHG1
34.84112493,-8.822390431,2.087754493,-4.22577964,2.38E-05,1.04E-04,ENSG00000211961,,,IGHV1-45
184.5466671,-11.22790309,1.274417341,-8.810224666,1.25E-18,1.93E-17,ENSG00000211965,,,IGHV3-49
42.31767211,-9.103062843,1.915137523,-4.753216275,2.00E-06,1.02E-05,ENSG00000211968,,,IGHV1-58
51.23301179,-9.378987691,2.635558679,-3.558633608,3.73E-04,0.001333345,ENSG00000211970,,,IGHV4-61
27.14460525,-8.4623634,2.247664996,-3.764957596,1.67E-04,6.33E-04,ENSG00000212366,,,RNU6-1246P
10060.67425,-4.758052563,0.296978792,-16.02152306,9.04E-58,7.30E-56,ENSG00000212766,,,EWSAT1
176.1548863,-5.111570403,1.709504059,-2.990089655,0.002788956,0.008331199,ENSG00000213231,,,TCL1B
25.13318696,-8.351440567,2.309689416,-3.615828392,2.99E-04,0.001089751,ENSG00000213310,,,CYCSP19
61637.46417,-2.690930323,0.163801618,-16.4279838,1.21E-60,1.06E-58,ENSG00000213390,,,ARHGAP19
246197.339,-2.455594081,0.204504595,-12.00752523,3.24E-33,1.09E-31,ENSG00000213626,,,LBH
27.63762746,-8.488889985,2.210923425,-3.839522387,1.23E-04,4.79E-04,ENSG00000214319,,,CXADRP1
2785.119234,-5.345648681,1.586326525,-3.369828719,7.52E-04,0.002535762,ENSG00000214456,,,PLIN5
219.9694603,-2.81852907,0.763654569,-3.690842933,2.24E-04,8.31E-04,ENSG00000214534,,,ZNF705E
430.0231389,-12.44827733,1.158359621,-10.74647036,6.16E-27,1.53E-25,ENSG00000214553,,,LRRC37A11P
2640.442874,-2.58927076,0.234551566,-11.03923884,2.47E-28,6.51E-27,ENSG00000214688,,,C10orf105
45.30658122,-9.201255234,1.988422152,-4.627415373,3.70E-06,1.82E-05,ENSG00000214970,,,AC005323.1
1182.244406,-3.343252091,0.424840166,-7.869435038,3.56E-15,4.34E-14,ENSG00000215196,,,BASP1-AS1
1261.311329,-2.431950947,0.402052157,-6.048844425,1.46E-09,1.09E-08,ENSG00000215246,,,AC116351.1
271.2728336,-2.080384071,0.672247691,-3.094668973,0.001970327,0.006087882,ENSG00000215559,,,ANKRD20A11P
39.55438054,-9.005499604,2.763536768,-3.258686372,0.001119293,0.003647616,ENSG00000215906,,,LACTBL1
11196.45608,-2.145398886,0.176518396,-12.15396769,5.46E-34,1.90E-32,ENSG00000218803,,,GSTM2P1
28.76826901,-8.547076184,2.250748803,-3.797436735,1.46E-04,5.61E-04,ENSG00000220557,,,HMGB1P13
746.7537265,-2.67223429,0.352801088,-7.574336865,3.61E-14,4.06E-13,ENSG00000221977,,,OR4E2
297.3311304,-5.104224963,1.324782457,-3.852877835,1.17E-04,4.56E-04,ENSG00000223536,,,AC008164.1
46.64829389,-9.243603585,1.906402942,-4.848714499,1.24E-06,6.52E-06,ENSG00000223726,,,AL020994.1
1792.368417,-2.95628336,0.312067723,-9.473210922,2.71E-21,4.96E-20,ENSG00000223865,,,HLA-DPB1
32.0987371,-8.704216111,2.932708516,-2.967978598,0.002997652,0.008888509,ENSG00000224222,,,AC024601.1
300.2017306,-3.879893061,1.031760553,-3.760458809,1.70E-04,6.43E-04,ENSG00000224243,,,SOX1-OT
38.87813059,-8.98066154,2.776793567,-3.234184078,0.001219908,0.00394312,ENSG00000224353,,,ACE3P
32.40798569,-8.718457895,2.162114411,-4.032375832,5.52E-05,2.27E-04,ENSG00000224373,,,IGHV4-59
27.63762746,-8.488889985,2.210923425,-3.839522387,1.23E-04,4.79E-04,ENSG00000224568,,,LINC01886
81.39119143,-10.04682925,1.574225283,-6.382078451,1.75E-10,1.44E-09,ENSG00000224717,,,AC098936.1
540.2207911,-2.107719614,0.608773234,-3.462240941,5.36E-04,0.001865961,ENSG00000224809,,,BEND3P2
44.28141916,-9.169449931,1.95355967,-4.693713775,2.68E-06,1.35E-05,ENSG00000224826,,,AC019109.1
28653.99375,-4.173384549,0.235482383,-17.7227039,2.80E-70,3.16E-68,ENSG00000224940,,,PRRT4
24.43149818,-8.310679831,2.397032644,-3.467069943,5.26E-04,0.001835311,ENSG00000224944,,,CASC6
77.03951982,-9.967271882,1.632981256,-6.103727062,1.04E-09,7.91E-09,ENSG00000225055,,,AL606490.1
25.37272676,-8.365613241,2.287210598,-3.65756142,2.55E-04,9.38E-04,ENSG00000225292,,,AL158212.1
3535.093347,-3.591066084,0.305638812,-11.7493785,7.11E-32,2.24E-30,ENSG00000225508,,,SSXP5
277.7727378,-2.413735956,0.531723568,-4.539456401,5.64E-06,2.70E-05,ENSG00000225509,,,AIFM1P1
50.86234536,-9.368401977,1.814986381,-5.161692714,2.45E-07,1.41E-06,ENSG00000225510,,,PCDH8P1
37.74781646,-8.938004507,2.860669681,-3.1244448,0.001781409,0.005562619,ENSG00000225722,,,BX890604.2
5336.794148,-2.327810047,0.25902028,-8.986979874,2.54E-19,4.11E-18,ENSG00000225783,,,MIAT
30.53936711,-8.632305752,2.174148105,-3.97043133,7.17E-05,2.89E-04,ENSG00000225813,,,AC009299.1
15876.65204,-2.2615757,0.683812434,-3.307304146,9.42E-04,0.003117925,ENSG00000225899,,,FRG2B
247.9266364,-3.075112939,0.59220858,-5.192618013,2.07E-07,1.21E-06,ENSG00000226125,,,LINC01907
22.23728715,-8.175057738,2.429869332,-3.364402206,7.67E-04,0.00258213,ENSG00000226405,,,AL133325.1
47.91632677,-9.282199143,1.912798159,-4.852680926,1.22E-06,6.40E-06,ENSG00000226759,,,DAB1-AS1
3494.165103,-3.908202645,0.340524011,-11.47702518,1.72E-30,5.07E-29,ENSG00000226867,,,AC244505.4
56.51199779,-9.520093974,1.849402705,-5.147658728,2.64E-07,1.51E-06,ENSG00000227016,,,AL583808.2
6130.303644,-2.94656596,0.237326993,-12.41563771,2.15E-35,7.84E-34,ENSG00000227039,,,ITGB2-AS1
42.61307762,-9.113335944,2.697915307,-3.377917728,7.30E-04,0.002467834,ENSG00000227215,,,AL355613.1
2402.521427,-2.332795848,0.224577102,-10.38750533,2.83E-25,6.40E-24,ENSG00000227288,,,AL138799.1
8806.71836,-4.026167679,0.280845566,-14.33587766,1.31E-46,7.23E-45,ENSG00000227579,,,AL122019.1
1074.435569,-2.648610101,0.383021574,-6.915041553,4.68E-12,4.47E-11,ENSG00000227674,,,LINC00355
2354.944746,-2.403496697,0.282334229,-8.51294831,1.70E-17,2.44E-16,ENSG00000227693,,,GSTM3P1
63.18985104,-9.682193341,1.702193313,-5.68806919,1.28E-08,8.64E-08,ENSG00000227874,,,GRAMD4P1
10132.71477,-2.882672108,0.125572415,-22.9562529,1.28E-116,4.20E-114,ENSG00000227932,,,SELENOOLP
53.55801448,-9.442637467,1.875354256,-5.035121998,4.78E-07,2.65E-06,ENSG00000228262,,,LINC01320
6571.647432,-2.724098666,0.289446291,-9.411413263,4.90E-21,8.82E-20,ENSG00000228354,,,AL450023.1
412.5380415,-2.432132163,0.665900383,-3.652396404,2.60E-04,9.56E-04,ENSG00000228623,,,ZNF883
110024.0801,-2.222091027,0.140186058,-15.85101294,1.38E-56,1.06E-54,ENSG00000228695,,,CES1P1
4204.062062,-4.89450917,0.260509894,-18.78818916,9.43E-79,1.36E-76,ENSG00000228705,,,LINC00659
52.21209743,-9.406840662,1.857768535,-5.063515979,4.12E-07,2.30E-06,ENSG00000228962,,,
84.98324043,-10.10941651,1.561537118,-6.474016141,9.54E-11,8.13E-10,ENSG00000228966,,,HOMER2P1
160.9086199,-3.405882921,1.113963654,-3.057445285,0.002232324,0.006803351,ENSG00000229520,,,LINC00404
82657.71162,-4.323079301,0.226994534,-19.04486083,7.25E-81,1.09E-78,ENSG00000230316,,,FEZF1-AS1
157.2910076,-10.99727261,1.331774407,-8.257609214,1.49E-16,2.02E-15,ENSG00000230403,,,LINC01066
49.57794832,-9.331229041,1.931952937,-4.829946353,1.37E-06,7.13E-06,ENSG00000230426,,,ERVMER61-1
73.33183055,-9.896085755,1.743356053,-5.676457049,1.38E-08,9.21E-08,ENSG00000230522,,,MBD3L2
31.47364803,-8.676068146,2.942316207,-2.948720509,0.003190924,0.009390572,ENSG00000230535,,,BASP1P1
17.64724123,-7.841415013,2.622868685,-2.989633091,0.002793127,0.008342147,ENSG00000230649,,,AC024084.1
22.05246245,-8.162788327,2.401201615,-3.399459786,6.75E-04,0.002298609,ENSG00000230948,,,AP001331.1
42.87348619,-9.121844685,1.951654116,-4.67390436,2.96E-06,1.48E-05,ENSG00000231046,,,AL360227.1
24.47191155,-8.313911515,2.460141259,-3.379444771,7.26E-04,0.00245593,ENSG00000231188,,,AL139819.1
21.94075915,-8.155451645,2.406269642,-3.38925094,7.01E-04,0.002377811,ENSG00000231421,,,AC011840.1
540.097407,-2.109318415,0.484294006,-4.355450181,1.33E-05,6.04E-05,ENSG00000231536,,,AC226101.1
36.28979399,-8.881233686,2.111997913,-4.205133742,2.61E-05,1.13E-04,ENSG00000231713,,,AF064860.2
54.82855946,-9.476672346,2.555849503,-3.707836606,2.09E-04,7.80E-04,ENSG00000231724,,,AC112907.1
538.2543159,-2.034596911,0.482591448,-4.215982112,2.49E-05,1.08E-04,ENSG00000231789,,,PIK3CD-AS2
1978.245957,-3.332473703,0.508856298,-6.548948521,5.79E-11,5.05E-10,ENSG00000231817,,,LINC01198
435.5107652,-3.258840589,0.441111045,-7.387800933,1.49E-13,1.61E-12,ENSG00000231870,,,KRT17P3
212.5786013,-4.12426293,1.407853961,-2.92946786,0.003395429,0.009925889,ENSG00000232053,,,AC078845.1
171.7285981,-11.12431826,1.373194799,-8.101048932,5.45E-16,7.08E-15,ENSG00000232243,,,AL139327.2
4086.931232,-5.028545685,0.651498868,-7.718425826,1.18E-14,1.37E-13,ENSG00000232258,,,TMEM114
894.4190251,-2.973849325,0.547155083,-5.435112303,5.48E-08,3.42E-07,ENSG00000232599,,,AL008707.1
2832.707663,-2.458439055,0.243918979,-10.07891662,6.85E-24,1.45E-22,ENSG00000232675,,,AL121830.1
395.9178969,-2.237539513,0.547342143,-4.088008828,4.35E-05,1.82E-04,ENSG00000232871,,,SEC1P
27.13322344,-8.462110334,2.222704912,-3.807122703,1.41E-04,5.41E-04,ENSG00000233159,,,AC007390.1
30.98618031,-8.653290098,2.159526618,-4.007030997,6.15E-05,2.51E-04,ENSG00000233221,,,AC133785.1
30.53936711,-8.632305752,2.174148105,-3.97043133,7.17E-05,2.89E-04,ENSG00000233372,,,AL137076.1
153.3571207,-2.05549217,0.62080519,-3.311009963,9.30E-04,0.003080951,ENSG00000233862,,,AC016907.2
399.8364833,-2.091112774,0.510619196,-4.095249041,4.22E-05,1.77E-04,ENSG00000233875,,,AL592078.1
43.94531705,-9.157591477,1.88274634,-4.863953939,1.15E-06,6.07E-06,ENSG00000233896,,,PDYN-AS1
586.3567112,-2.46066751,0.347539798,-7.080246697,1.44E-12,1.43E-11,ENSG00000233967,,,AL359715.1
813.9781996,-5.055769366,1.335819193,-3.784770718,1.54E-04,5.88E-04,ENSG00000234056,,,LINC00463
15533.32356,-4.224101863,0.250014379,-16.89543567,4.86E-64,4.63E-62,ENSG00000234224,,,TMEM229A
1220.20473,-4.445755049,0.458526777,-9.695737021,3.14E-22,6.04E-21,ENSG00000234391,,,AL606490.6
36.21892654,-8.878308671,2.076939316,-4.274707789,1.91E-05,8.48E-05,ENSG00000234452,,,SLC16A12-AS1
199.4770847,-4.579550217,1.51842261,-3.01599185,0.002561401,0.007708077,ENSG00000234535,,,AL161719.1
47.36375315,-9.266329563,2.656904359,-3.487641372,4.87E-04,0.00171114,ENSG00000234575,,,CTSLP8
221.6465718,-5.76662696,1.32528885,-4.351222723,1.35E-05,6.15E-05,ENSG00000234780,,,AC245047.5
28.58315661,-8.537119871,2.215269046,-3.853762091,1.16E-04,4.55E-04,ENSG00000235002,,,AL513331.1
16.91835235,-7.780378298,2.658230179,-2.926901651,0.003423571,0.009997508,ENSG00000235390,,,AC051619.1
45.20301921,-9.198690772,1.870285573,-4.918334882,8.73E-07,4.69E-06,ENSG00000235415,,,AC005808.1
22.05246245,-8.162788327,2.401201615,-3.399459786,6.75E-04,0.002298609,ENSG00000235621,,,LINC00494
387.986588,-3.378525727,0.527501675,-6.404767773,1.51E-10,1.26E-09,ENSG00000235688,,,AC116614.1
306.5997645,-2.384104787,0.60881983,-3.915944703,9.01E-05,3.58E-04,ENSG00000235695,,,AC130472.1
36.97896817,-6.924316854,1.87567573,-3.691638562,2.23E-04,8.28E-04,ENSG00000235785,,,AL109767.1
899.0423763,-2.05569154,0.47656082,-4.313597456,1.61E-05,7.20E-05,ENSG00000235996,,,AL136090.1
30.53936711,-8.632305752,2.174148105,-3.97043133,7.17E-05,2.89E-04,ENSG00000236003,,,AC007731.4
1569.435627,-2.695978136,0.246643265,-10.9306781,8.22E-28,2.12E-26,ENSG00000236341,,,AL161740.1
393.9932424,-2.08395593,0.492128921,-4.234573176,2.29E-05,1.00E-04,ENSG00000236499,,,LINC00896
414.4301807,-3.334702206,0.476173777,-7.003120225,2.50E-12,2.44E-11,ENSG00000236714,,,LINC01844
309.3348546,-2.819805089,0.511080395,-5.517341535,3.44E-08,2.20E-07,ENSG00000236717,,,AL354751.2
63.53293911,-9.689788225,2.442208511,-3.967633468,7.26E-05,2.92E-04,ENSG00000236720,,,LINC01741
131.4228122,-10.73800494,1.385976209,-7.747611299,9.36E-15,1.10E-13,ENSG00000236858,,,AL008638.2
42.77712317,-9.11844793,1.971148377,-4.62595715,3.73E-06,1.84E-05,ENSG00000236894,,,AL160287.1
80.12196374,-10.02435545,1.581062256,-6.340266118,2.29E-10,1.87E-09,ENSG00000236920,,,AL590727.1
18.82162603,-7.93413301,2.551502343,-3.10959268,0.001873455,0.005824636,ENSG00000237033,,,CASP3P1
129.8861625,-10.72114354,1.44364556,-7.426437509,1.12E-13,1.22E-12,ENSG00000237247,,,MBD3L5
80.96043989,-8.050005362,1.469493578,-5.478081348,4.30E-08,2.72E-07,ENSG00000237345,,,AC245047.6
25.98373609,-8.399827043,2.259385948,-3.717747758,2.01E-04,7.52E-04,ENSG00000237347,,,AC004461.1
23.40703049,-8.248505063,2.406757918,-3.427226728,6.10E-04,0.002096949,ENSG00000237450,,,RPL23AP71
36.79157148,-8.90080947,2.16536606,-4.11053338,3.95E-05,1.66E-04,ENSG00000237581,,,AC005538.1
22.05246245,-8.162788327,2.401201615,-3.399459786,6.75E-04,0.002298609,ENSG00000237588,,,AL590666.3
1324.590789,-3.021133558,0.330652969,-9.136871113,6.43E-20,1.09E-18,ENSG00000237636,,,ANKRD26P3
22.05246245,-8.162788327,2.401201615,-3.399459786,6.75E-04,0.002298609,ENSG00000237638,,,LINC02245
2135.316722,-2.749013078,0.459889105,-5.977556432,2.27E-09,1.66E-08,ENSG00000237732,,,AC010980.1
124.1081726,-6.272016976,1.642701983,-3.818110065,1.34E-04,5.19E-04,ENSG00000237849,,,NFYAP1
82.2814234,-10.06296372,2.340170025,-4.300099401,1.71E-05,7.63E-05,ENSG00000238097,,,LINC02037
64.16638249,-9.704509844,1.756167636,-5.525958709,3.28E-08,2.10E-07,ENSG00000238099,,,LINC01625
397.9272428,-2.024039367,0.588782336,-3.437669992,5.87E-04,0.002028197,ENSG00000238121,,,LINC00426
298.1018918,-11.91980617,1.180275126,-10.09917595,5.57E-24,1.19E-22,ENSG00000238185,,,AL353680.1
34.22557601,-8.796936489,2.069168348,-4.251435847,2.12E-05,9.35E-05,ENSG00000238358,,,AC004969.1
22.08866582,-8.165360478,2.394436237,-3.410139034,6.49E-04,0.002220327,ENSG00000239482,,,AC112487.1
30.53936711,-8.632305752,2.174148105,-3.97043133,7.17E-05,2.89E-04,ENSG00000239870,,,AC112206.1
1702.608243,-3.172546364,0.245550691,-12.92012802,3.47E-38,1.40E-36,ENSG00000240954,,,RPL4P1
386.3976596,-2.769840605,0.606382949,-4.567807541,4.93E-06,2.38E-05,ENSG00000241476,,,SSX2
920.5595908,-2.518935086,0.600650225,-4.193680415,2.74E-05,1.19E-04,ENSG00000242220,,,TCP10L
862.446928,-2.031859291,0.337050827,-6.028346839,1.66E-09,1.23E-08,ENSG00000242252,,,BGLAP
512.9515765,-2.104876434,0.467881192,-4.498741284,6.84E-06,3.24E-05,ENSG00000242516,,,LINC00960
1271.012277,-3.018065217,0.540708058,-5.581690847,2.38E-08,1.55E-07,ENSG00000242574,,,HLA-DMB
648.4152899,-4.096855956,0.577987534,-7.088138959,1.36E-12,1.36E-11,ENSG00000242593,,,AC006148.1
609.2398451,-2.092352854,0.410547432,-5.096494805,3.46E-07,1.96E-06,ENSG00000242808,,,SOX2-OT
29.14907822,-8.566142563,2.223765873,-3.852088327,1.17E-04,4.58E-04,ENSG00000243064,,,ABCC13
17.55305178,-7.83368087,2.618271992,-2.991927842,0.002772218,0.008287213,ENSG00000244131,,,RPSAP51
50.30830507,-9.352812906,1.845714276,-5.067313521,4.03E-07,2.26E-06,ENSG00000245164,,,LINC00861
347.2793934,-2.503475899,0.578236819,-4.329499294,1.49E-05,6.74E-05,ENSG00000245857,,,AF233439.1
3342.616762,-3.195644302,0.277821705,-11.50250052,1.28E-30,3.80E-29,ENSG00000246022,,,ALDH1L1-AS2
65.39948393,-9.730902372,1.728678981,-5.629097409,1.81E-08,1.20E-07,ENSG00000248173,,,
128.5407708,-2.7473637,0.669412323,-4.1041427,4.06E-05,1.70E-04,ENSG00000248174,,,LINC02268
6795.382307,-5.136906936,0.573236728,-8.961231348,3.21E-19,5.17E-18,ENSG00000248329,,,APELA
35.28291035,-8.841036915,2.038032203,-4.338026112,1.44E-05,6.50E-05,ENSG00000248441,,,LINC01197
727.2558474,-3.080867048,0.40535825,-7.600356099,2.95E-14,3.35E-13,ENSG00000248550,,,OTX2-AS1
79.23399136,-10.00810962,1.56153415,-6.409151934,1.46E-10,1.22E-09,ENSG00000248771,,,SMIM31
192.3169017,-3.394861241,1.135763329,-2.989056922,0.0027984,0.008355621,ENSG00000249357,,,
81.02416644,-10.04068499,1.659630109,-6.049953504,1.45E-09,1.09E-08,ENSG00000249662,,,LINC02218
129.5594805,-10.71737278,1.518525528,-7.057749497,1.69E-12,1.67E-11,ENSG00000249878,,,AC026434.2
3519.148671,-4.017365034,0.263359929,-15.25427595,1.54E-52,1.06E-50,ENSG00000249906,,,AC006487.1
399.4343993,-4.182670551,0.971373479,-4.305934473,1.66E-05,7.44E-05,ENSG00000249923,,,AC007663.2
22.05246245,-8.162788327,2.401201615,-3.399459786,6.75E-04,0.002298609,ENSG00000250337,,,PURPL
26.45834965,-8.425253833,2.354767526,-3.577955675,3.46E-04,0.001246016,ENSG00000250360,,,AC008808.2
1290.88448,-3.033281499,0.254714712,-11.90854457,1.07E-32,3.49E-31,ENSG00000250387,,,LINC02197
1610.038169,-2.372309539,0.329308482,-7.203912658,5.85E-13,6.01E-12,ENSG00000250770,,,AC005865.2
1952.081713,-2.312902543,0.288574188,-8.014932169,1.10E-15,1.40E-14,ENSG00000250934,,,AC016924.1
39.58052835,-9.006848154,2.744187044,-3.282155338,0.001030168,0.003382609,ENSG00000250957,,,AC012055.1
835.4827514,-3.686481127,0.367612075,-10.02818292,1.15E-23,2.39E-22,ENSG00000251002,,,AC244502.1
300.2561268,-2.910619283,0.742237234,-3.921413734,8.80E-05,3.51E-04,ENSG00000251448,,,AC063919.1
138275.1365,-4.237136243,0.189778811,-22.32670879,2.03E-110,5.93E-108,ENSG00000251460,,,AC097381.2
4566.822899,-2.232449247,0.250945168,-8.896163503,5.78E-19,9.11E-18,ENSG00000251468,,,AC135352.1
42.09029002,-9.095001529,2.030979578,-4.478135391,7.53E-06,3.55E-05,ENSG00000252835,,,SCARNA21
22.14803256,-8.168632387,2.649979917,-3.082526149,0.002052517,0.006318713,ENSG00000253084,,,RNU6-840P
24140.138,-2.686380238,0.133297809,-20.15322125,2.52E-90,4.59E-88,ENSG00000253304,,,TMEM200B
34.08449008,-8.790702846,2.946857038,-2.983077473,0.002853658,0.00850596,ENSG00000253313,,,C1orf210
168.2243665,-3.762934087,1.131426005,-3.325833127,8.82E-04,0.002934688,ENSG00000253364,,,AL928742.1
22.05246245,-8.162788327,2.401201615,-3.399459786,6.75E-04,0.002298609,ENSG00000253516,,,HMGB1P41
51.19883826,-9.37838631,1.831058254,-5.1218394,3.03E-07,1.72E-06,ENSG00000253657,,,AC022634.1
51.70631847,-9.392236872,1.795986858,-5.229568819,1.70E-07,9.98E-07,ENSG00000253665,,,AC022733.1
1775.846539,-3.480312216,0.51533908,-6.753441277,1.44E-11,1.33E-10,ENSG00000253696,,,KBTBD11-OT1
318.3378763,-5.059457022,1.315217742,-3.846858858,1.20E-04,4.67E-04,ENSG00000253755,,,IGHGP
32.93459491,-8.741247154,2.893067908,-3.021445549,0.002515709,0.007582351,ENSG00000253766,,,AC091946.1
274.8294322,-3.228531151,1.083728399,-2.979096196,0.002891,0.00860403,ENSG00000253771,,,TPTE2P1
431.693384,-4.025652062,0.975769778,-4.125616671,3.70E-05,1.56E-04,ENSG00000253880,,,AC009435.1
3641.937311,-3.02800514,0.373211355,-8.11337891,4.92E-16,6.42E-15,ENSG00000253888,,,AC090150.1
30.3210528,-8.622862907,2.946168111,-2.926806137,0.003424623,0.009999692,ENSG00000253978,,,AC008637.1
16573.52566,-2.982305328,0.165574684,-18.01184364,1.57E-72,1.88E-70,ENSG00000254010,,,
41.20540516,-9.064572758,2.020294479,-4.486758169,7.23E-06,3.41E-05,ENSG00000254092,,,AC015468.3
302.2636842,-3.348565064,0.650704037,-5.146064685,2.66E-07,1.52E-06,ENSG00000254102,,,AC090136.3
27.63762746,-8.488889985,2.210923425,-3.839522387,1.23E-04,4.79E-04,ENSG00000254131,,,AC093367.1
627.2494566,-5.92325198,1.963522468,-3.016645888,0.002555882,0.007693576,ENSG00000254139,,,AC104051.2
428.588765,-2.482081406,0.527737182,-4.703252848,2.56E-06,1.29E-05,ENSG00000254286,,,
439.1656816,-2.31671835,0.410238962,-5.647241157,1.63E-08,1.08E-07,ENSG00000254335,,,CDH12P1
21963.33512,-2.017398515,0.170379991,-11.84058353,2.41E-32,7.74E-31,ENSG00000254416,,,AP000924.1
452.0107685,-2.232555131,0.584022025,-3.822724203,1.32E-04,5.10E-04,ENSG00000254548,,,AC105219.2
183.7815746,-2.192596268,0.72100576,-3.041024619,0.002357746,0.007143555,ENSG00000254656,,,RTL1
27.63762746,-8.488889985,2.210923425,-3.839522387,1.23E-04,4.79E-04,ENSG00000254663,,,OR4A11P
5367.810993,-2.028964229,0.168195195,-12.06315213,1.65E-33,5.63E-32,ENSG00000254706,,,AL512785.2
1668.30558,-4.961102285,1.451958157,-3.416835576,6.34E-04,0.002171386,ENSG00000254872,,,AC139749.1
11802.45746,-2.818319174,0.184767065,-15.25336333,1.56E-52,1.08E-50,ENSG00000254928,,,AP001372.3
190.7415382,-2.232060918,0.709580277,-3.145607325,0.001657424,0.005216015,ENSG00000255091,,,AC087442.1
94.29473885,-10.25886944,1.560530491,-6.573962828,4.90E-11,4.30E-10,ENSG00000255226,,,AC044839.3
1138.295108,-2.539012312,0.36849764,-6.890172521,5.57E-12,5.29E-11,ENSG00000255301,,,AP002893.1
258.2125741,-4.161553007,1.390254882,-2.993374136,0.002759113,0.008251782,ENSG00000255398,,,HCAR3
66.89395205,-9.764140052,1.645589601,-5.933520757,2.97E-09,2.15E-08,ENSG00000255569,,,TRAV1-1
2880.986487,-2.976438122,0.407653934,-7.30138451,2.85E-13,3.00E-12,ENSG00000255571,,,MIR9-3HG
231.4998241,-2.699936222,0.756328138,-3.569794756,3.57E-04,0.001283101,ENSG00000255621,,,AC023790.2
17334.07684,-3.086335772,0.157027994,-19.6546851,5.27E-86,8.55E-84,ENSG00000256553,,,TRAV1-2
80.7780823,-10.03604359,1.570481955,-6.390422735,1.65E-10,1.37E-09,ENSG00000256725,,,
57.79988568,-9.553081596,1.785333971,-5.3508653,8.75E-08,5.33E-07,ENSG00000256870,,,SLC5A8
487.0757075,-3.817932771,0.63647315,-5.998576323,1.99E-09,1.47E-08,ENSG00000256925,,,ADGRA1-AS1
5834.755069,-2.383912563,0.328660963,-7.25340953,4.06E-13,4.24E-12,ENSG00000257096,,,AL161747.2
599.4210902,-4.613057878,0.944607721,-4.883569948,1.04E-06,5.53E-06,ENSG00000257125,,,KRT127P
124.6644426,-10.66187135,1.392309594,-7.657687192,1.89E-14,2.17E-13,ENSG00000257180,,,AC009135.1
146.2872556,-4.521395325,1.442927585,-3.133487343,0.001727424,0.005412518,ENSG00000257343,,,AC055716.1
47.11880616,-9.258509349,1.866113239,-4.961386669,7.00E-07,3.80E-06,ENSG00000257402,,,KRT126P
153.6891679,-5.111452017,1.723293631,-2.966094649,0.003016077,0.008938312,ENSG00000257474,,,AC027288.1
4247.68289,-2.714127518,0.221260837,-12.26664217,1.37E-34,4.84E-33,ENSG00000257824,,,AC068789.1
914.2643379,-2.126382469,0.386483647,-5.501869186,3.76E-08,2.39E-07,ENSG00000257953,,,AC083805.2
123.5073892,-5.153437326,1.748748538,-2.94692874,0.003209472,0.009439319,ENSG00000258036,,,KRT125P
23.83971526,-8.275368534,2.328469447,-3.553994897,3.79E-04,0.001355465,ENSG00000258122,,,AC044802.2
17217.58203,-2.427683388,0.163896654,-14.8122816,1.22E-49,7.58E-48,ENSG00000258197,,,NKX2-2-AS1
115.2224234,-10.54908498,1.579719621,-6.677821075,2.43E-11,2.18E-10,ENSG00000258343,,,AC090001.1
39.02627177,-8.986001257,2.049395394,-4.384708429,1.16E-05,5.33E-05,ENSG00000258717,,,AL132711.1
82158.50913,-3.383542535,0.1831712,-18.47202255,3.47E-76,4.61E-74,ENSG00000259001,,,AL355075.4
46.82749056,-9.250024451,1.906294863,-4.852357645,1.22E-06,6.41E-06,ENSG00000259039,,,AL161804.1
232.3546143,-4.573603528,1.409458069,-3.244937632,0.001174764,0.003809162,ENSG00000259084,,,AL133467.3
139.3940885,-10.82337661,1.352141949,-8.00461565,1.20E-15,1.52E-14,ENSG00000259110,,,LINC02304
30.53936711,-8.632305752,2.174148105,-3.97043133,7.17E-05,2.89E-04,ENSG00000259192,,,AC109631.1
2196.077743,-4.930679879,0.544876953,-9.049162119,1.44E-19,2.37E-18,ENSG00000259222,,,AC027088.2
22.61097896,-8.198922405,2.376868694,-3.449463753,5.62E-04,0.001948501,ENSG00000259254,,,AC022405.1
565.4881491,-2.184749829,0.436610751,-5.003884638,5.62E-07,3.09E-06,ENSG00000259439,,,LINC01833
22.05246245,-8.162788327,2.401201615,-3.399459786,6.75E-04,0.002298609,ENSG00000259467,,,NDUFAF4P1
2060.300302,-2.452950344,0.362299721,-6.770500236,1.28E-11,1.18E-10,ENSG00000259485,,,LINC02253
54.61360457,-9.471037106,1.768430382,-5.35561773,8.53E-08,5.20E-07,ENSG00000259512,,,HNRNPA1P5
20.39299745,-8.05015009,2.644194987,-3.044461596,0.002330972,0.00707737,ENSG00000259542,,,AC087477.5
722.8085507,-2.0803408,0.508237301,-4.093246986,4.25E-05,1.78E-04,ENSG00000259977,,,AL121578.3
68.44657393,-9.796561875,1.731354393,-5.658322708,1.53E-08,1.02E-07,ENSG00000260182,,,AC120498.2
22.05246245,-8.162788327,2.401201615,-3.399459786,6.75E-04,0.002298609,ENSG00000260385,,,AL356961.1
4916.096123,-2.247771569,0.276616878,-8.125937897,4.44E-16,5.82E-15,ENSG00000260428,,,SCX
65.35187605,-9.730253168,1.752499045,-5.552215959,2.82E-08,1.83E-07,ENSG00000260592,,,AC130456.3
21.88272436,-8.15164758,2.407620709,-3.385769008,7.10E-04,0.002405212,ENSG00000260613,,,Z98885.2
596.0207741,-2.202917684,0.364268438,-6.04751182,1.47E-09,1.10E-08,ENSG00000260645,,,AL359715.2
39.90999249,-5.412998628,1.436751904,-3.767524938,1.65E-04,6.27E-04,ENSG00000260741,,,AC099482.1
17330.87106,-2.385424007,0.170808701,-13.96547125,2.53E-44,1.29E-42,ENSG00000260765,,,CES1P2
3526.463429,-2.120586736,0.328821374,-6.449053823,1.13E-10,9.50E-10,ENSG00000261115,,,TMEM178B
1342.32859,-5.069591351,1.547164437,-3.276698475,0.001050285,0.003440429,ENSG00000261520,,,DLGAP1-AS5
381.3775227,-2.102882418,0.661569991,-3.178624254,0.001479758,0.004702109,ENSG00000261645,,,DISC1FP1
60.29110151,-9.614373118,2.488594165,-3.863375256,1.12E-04,4.39E-04,ENSG00000262179,,,MYMX
1682.005549,-2.752530369,0.362289475,-7.597599601,3.02E-14,3.41E-13,ENSG00000262877,,,AC110285.2
8152.229831,-2.894940522,0.272214467,-10.63477835,2.05E-26,4.98E-25,ENSG00000262880,,,AC113189.2
121.9294622,-10.6302831,1.396917402,-7.609815073,2.74E-14,3.12E-13,ENSG00000263154,,,AC110285.3
321.3706484,-2.205120557,0.479977776,-4.594213872,4.34E-06,2.12E-05,ENSG00000263657,,,AC023389.1
1082.492878,-2.286966602,0.405455955,-5.640480982,1.70E-08,1.12E-07,ENSG00000264272,,,AC100786.2
419.1907702,-2.852476495,0.490740322,-5.812598573,6.15E-09,4.31E-08,ENSG00000264589,,,MAPT-AS1
51.57880584,-9.388703752,1.862526576,-5.040842837,4.63E-07,2.58E-06,ENSG00000264812,,,AC132938.2
861.2164884,-2.371919862,0.455162776,-5.211146399,1.88E-07,1.10E-06,ENSG00000265579,,,AC023301.1
29.67448457,-8.591391598,2.155129376,-3.98648531,6.71E-05,2.72E-04,ENSG00000265766,,,CXADRP3
1865.940527,-4.169952426,0.351407278,-11.8664373,1.77E-32,5.71E-31,ENSG00000266524,,,GDF10
2411.242042,-2.455686101,0.274394984,-8.949456955,3.57E-19,5.73E-18,ENSG00000267034,,,AC010980.2
2737.741279,-3.343888708,0.312829954,-10.6891577,1.14E-26,2.81E-25,ENSG00000267110,,,AC010327.1
22.05246245,-8.162788327,2.401201615,-3.399459786,6.75E-04,0.002298609,ENSG00000267215,,,AC040963.1
429.8067466,-2.020479478,0.579500171,-3.486589961,4.89E-04,0.001716782,ENSG00000267260,,,AC020928.2
221.7733788,-2.274259016,0.530287304,-4.288729902,1.80E-05,7.99E-05,ENSG00000267353,,,AC020928.3
46.88465774,-9.250771217,1.881797821,-4.915921951,8.84E-07,4.74E-06,ENSG00000267448,,,AC010649.1
428.4451361,-2.30752059,0.721720569,-3.197249306,0.00138745,0.004436767,ENSG00000267506,,,AC021683.2
1517.712139,-2.656618228,0.366043616,-7.257654853,3.94E-13,4.11E-12,ENSG00000267577,,,AC010327.3
713.6666298,-2.03747958,0.359209878,-5.672114557,1.41E-08,9.43E-08,ENSG00000267746,,,AC104985.1
4165.993583,-2.488872336,0.270778975,-9.191527277,3.87E-20,6.62E-19,ENSG00000267751,,,AC009005.1
35.61802025,-8.854690938,2.031107515,-4.359538267,1.30E-05,5.93E-05,ENSG00000267784,,,AC010680.1
942.5736243,-2.611544778,0.604248934,-4.321968365,1.55E-05,6.96E-05,ENSG00000268654,,,MIMT1
338.255011,-2.258286816,0.679756165,-3.3222013,8.93E-04,0.002970059,ENSG00000268922,,,AC012616.1
70.42228033,-9.838040378,1.628260697,-6.042054811,1.52E-09,1.14E-08,ENSG00000269516,,,CYP4F23P
37422.26696,-3.126373374,0.188687213,-16.56907915,1.17E-61,1.06E-59,ENSG00000269699,,,ZIM2
446.0012392,-2.813172277,0.418954359,-6.714746406,1.88E-11,1.71E-10,ENSG00000269791,,,SSX4B
16808.71194,-2.731753098,0.171216478,-15.95496607,2.63E-57,2.08E-55,ENSG00000269891,,,ARHGAP19-SLIT1
216.8733184,-2.208036168,0.580969609,-3.80060529,1.44E-04,5.55E-04,ENSG00000269895,,,AP000654.1
34.26011551,-8.798654597,2.067263069,-4.256185258,2.08E-05,9.17E-05,ENSG00000270547,,,LINC01235
143.7132684,-10.86705526,1.354691572,-8.021792919,1.04E-15,1.33E-14,ENSG00000270816,,,LINC00221
58.17699457,-9.562391833,1.721780445,-5.55378118,2.80E-08,1.81E-07,ENSG00000271563,,,HIRAP1
21.88272436,-8.15164758,2.407620709,-3.385769008,7.10E-04,0.002405212,ENSG00000272479,,,AC010857.1
84.59357975,-10.10249464,1.664455326,-6.069549891,1.28E-09,9.70E-09,ENSG00000272798,,,AL008721.1
419.2542323,-2.077446452,0.411864928,-5.043999411,4.56E-07,2.54E-06,ENSG00000272817,,,AL359198.1
7748.139726,-4.001076663,0.190595328,-20.99252229,7.68E-98,1.67E-95,ENSG00000272825,,,AL844908.1
12866.54594,-2.839117513,0.320806175,-8.849946578,8.76E-19,1.37E-17,ENSG00000272884,,,AC113189.4
28.67224809,-8.541322075,2.212637942,-3.86024388,1.13E-04,4.44E-04,ENSG00000272922,,,AC107294.1
370.5607524,-2.074368116,0.461297616,-4.496810835,6.90E-06,3.27E-05,ENSG00000272948,,,AP001412.1
201.5918401,-2.191908234,0.67681566,-3.238560162,0.001201347,0.003886939,ENSG00000272970,,,AC107294.2
91.68787349,-10.21839756,1.58234369,-6.457761122,1.06E-10,8.99E-10,ENSG00000272975,,,MYHAS
1108.747875,-2.71546,0.579608394,-4.684990809,2.80E-06,1.40E-05,ENSG00000273237,,,AC004520.1
247.0774946,-3.660395889,1.047524662,-3.49432908,4.75E-04,0.001672426,ENSG00000273238,,,AC116565.1
21.0340339,-8.094616036,2.441395288,-3.315569616,9.15E-04,0.003035709,ENSG00000273267,,,AC097381.3
30.91468754,-8.650275776,2.939256149,-2.943015286,0.003250324,0.009546612,ENSG00000273950,,,RF00017
71.06200753,-9.850902846,1.629132863,-6.046715444,1.48E-09,1.11E-08,ENSG00000274173,,,AL035661.1
108.6837476,-10.4639688,1.437351573,-7.280034338,3.34E-13,3.50E-12,ENSG00000274178,,,PRAMEF28P
35.57474819,-8.852736486,2.043021177,-4.333159434,1.47E-05,6.64E-05,ENSG00000274199,,,RF02105
58975.51188,-3.053636081,0.371797672,-8.213166229,2.15E-16,2.89E-15,ENSG00000274588,,,DGKK
1401.756308,-4.273042357,0.451946941,-9.454743393,3.24E-21,5.90E-20,ENSG00000274993,,,AC254629.1
58.90452316,-9.580094248,2.533625326,-3.781180331,1.56E-04,5.96E-04,ENSG00000275286,,,AC025253.1
7937.451549,-2.81404237,0.516498458,-5.4483074,5.09E-08,3.19E-07,ENSG00000275395,,,FCGBP
37.09086761,-8.913072484,2.009269913,-4.435975688,9.17E-06,4.27E-05,ENSG00000275942,,,RF01876
132.0910169,-3.904079754,1.216588935,-3.209037696,0.0013318,0.004274584,ENSG00000276292,,,AC131159.1
334.6876239,-2.067599462,0.49925774,-4.141346835,3.45E-05,1.47E-04,ENSG00000277481,,,PKD1L3
12940.70928,-2.296277786,0.22492209,-10.20921416,1.80E-24,3.95E-23,ENSG00000278041,,,AL133325.3
509.2822904,-2.313551974,0.454696595,-5.088122496,3.62E-07,2.04E-06,ENSG00000278200,,,LINC01971
32.7897883,-8.735294833,2.196305967,-3.977266813,6.97E-05,2.82E-04,ENSG00000278406,,,RF01981
3588.497156,-2.100489304,0.278518696,-7.541645612,4.64E-14,5.19E-13,ENSG00000278722,,,AL445288.1
756.5562581,-2.197445993,0.504050242,-4.359577303,1.30E-05,5.93E-05,ENSG00000278937,,,AL137141.1
778.8140062,-2.490329082,0.641184644,-3.883949972,1.03E-04,4.06E-04,ENSG00000278964,,,AC132938.4
45.78341135,-9.216925801,1.887541723,-4.883031557,1.04E-06,5.55E-06,ENSG00000278982,,,AL139125.2
1354.33394,-4.35019477,0.419905318,-10.35994207,3.77E-25,8.50E-24,ENSG00000279036,,,AC015656.1
178.374087,-5.160383474,1.705616561,-3.025523785,0.002482029,0.007489751,ENSG00000279046,,,AP003062.2
492.2396654,-3.097706643,0.624173824,-4.962890987,6.95E-07,3.78E-06,ENSG00000279205,,,AC092162.3
30.53936711,-8.632305752,2.174148105,-3.97043133,7.17E-05,2.89E-04,ENSG00000279400,,,AC008957.3
21.54324818,-8.129104703,2.420785174,-3.35804465,7.85E-04,0.002635255,ENSG00000279409,,,AC020658.6
217.23969,-4.238241675,1.426665491,-2.970732594,0.002970903,0.008825086,ENSG00000279427,,,AC007490.1
18.70069748,-7.925006679,2.555865387,-3.100713644,0.001930549,0.005976191,ENSG00000279665,,,AC012100.3
2127.282132,-2.550622036,0.358315876,-7.118361775,1.09E-12,1.10E-11,ENSG00000279675,,,AC080100.1
44.10492491,-9.162820535,1.880591299,-4.872308269,1.10E-06,5.83E-06,ENSG00000279685,,,MAPT-IT1
31.04587898,-8.656158892,2.951589109,-2.932711354,0.003360161,0.009834138,ENSG00000279777,,,
458.8606341,-2.830983744,0.723272851,-3.914129694,9.07E-05,3.61E-04,ENSG00000279877,,,
399.4427192,-2.846588764,0.653641971,-4.354966312,1.33E-05,6.05E-05,ENSG00000280106,,,AC008555.8
3446.714727,-2.869600739,0.36491106,-7.863836028,3.73E-15,4.53E-14,ENSG00000280165,,,PCDH20
10303.73741,-2.983684491,0.255683839,-11.66942933,1.83E-31,5.66E-30,ENSG00000281344,,,HELLPAR
224.3950992,-2.286016761,0.54359473,-4.205369613,2.61E-05,1.13E-04,ENSG00000281406,,,BLACAT1
774.5711529,-2.06794741,0.638583436,-3.238335499,0.001202293,0.003889238,ENSG00000282033,,,AC074387.1
286.6721717,-2.146807788,0.638291451,-3.363366038,7.70E-04,0.002590307,ENSG00000282815,,,TEX13C
645.8367841,-4.252339576,1.440722731,-2.95153223,0.003162015,0.00931882,ENSG00000283071,,,LBHD2
1140.706646,-3.609171398,0.487034399,-7.410506122,1.26E-13,1.37E-12,ENSG00000283183,,,AC116565.2
60.51506984,-9.619466744,1.760488121,-5.464090685,4.65E-08,2.93E-07,ENSG00000283662,,,AC138904.3